"File","Bytes","SHA256"
".gitignore","64","8638e37c6cfc6a2e775c3ba213f7d64b8f76980c9b911d28a81b23e2a289bb00"
"LICENSE","1108","5011c525bc000f0e98d75d9123974ed2b912a6d1f80820df21e298c7cb616398"
"P3_V2H_V2G_Project/config/defaultConfig.m","3954","b4bf63b0692a8a797a37dfa6e9b779f547b45f0da0b0a5ccda3ae9b34c569676"
"P3_V2H_V2G_Project/src/ev/alignEVAvailability.m","395","458919fb6c73d37fe25bced75d1ebd1f756c4562ae9c8b5c3747e2ff1341f1cb"
"P3_V2H_V2G_Project/src/ev/buildEVProfile.m","875","3aba0a32fcae0054a4f42be34a07eb612894fce9dffc36167e99a2828e43a43f"
"P3_V2H_V2G_Project/src/ev/computeTripEnergy.m","1463","a22f3e297f9aff2600d048eff8d4e0811b8baeeb7d68e1db692699dc03d4ff9a"
"P3_V2H_V2G_Project/src/export/exportFigures.m","1398","f4368bf9fc2743cd270d37db0eb6d8dfff43f6d5ea328a7bb184f9dd2080aa76"
"P3_V2H_V2G_Project/src/export/exportRevisionRuntimeVerificationOutputs.m","11018","300b0952a65cf9d31dfefa4463466f7feffaab4e50fe504f7f7388a612525b83"
"P3_V2H_V2G_Project/src/export/exportRunSummary.m","2671","03efd361d9ea3ad66a9f8dc55560558d9186f36ef12fc3629665d2d55d2a97a5"
"P3_V2H_V2G_Project/src/export/exportTables.m","3312","ab29f188c334262fb64a66d5bb7849d4d1cd23d856a01ec1c3bc8ec96ea846c5"
"P3_V2H_V2G_Project/src/export/exportText.m","1644","5194167b6cd7b2dfdd12dac5b43eb92df8ea690795d0d38d667bf76a82f68462"
"P3_V2H_V2G_Project/src/export/exportWordReport.m","19521","ee893a1fe245ba1326fb38ad5a8cc3a410f2fcf0bd1a1f71830599a031a0f5b5"
"P3_V2H_V2G_Project/src/export/generateWordReportP3.m","20360","0f49ad44f44bf17cb30e8daa233a66f624a2f2f64eb08ed51f719349f68d5425"
"P3_V2H_V2G_Project/src/figures/applyIEEEStyle.m","1147","f9ab92f3bc4f92ce5de8b31dccc761ab2e5d7fe9671897ad6fc0999bb422a377"
"P3_V2H_V2G_Project/src/figures/plotCostComparison.m","1501","6574901037dc9067cfd0104c721d528d6e413891ada8bd9770b2dadff2a97a75"
"P3_V2H_V2G_Project/src/figures/plotCumulativeGridEnergy.m","959","55fe5cdffc71e0f4d6e79e30e33d54dded1c1fd3cc9236a7083b16dd62ef7ab4"
"P3_V2H_V2G_Project/src/figures/plotEVPowerComparison.m","1065","1e191bf42f0a738f76a9009a7e821f93a199e4e400cbbba9ea0aa21302988c74"
"P3_V2H_V2G_Project/src/figures/plotGridEnergyComparison.m","1509","1902448a4271ed269b7adcb68869b8e7b8cf8b1b606dfcdc94d0fe670b251f4c"
"P3_V2H_V2G_Project/src/figures/plotGridPowerComparison.m","1076","d3933943eca17700a57e6bb0880131694bc769548eb49f95d728faa799fd439f"
"P3_V2H_V2G_Project/src/figures/plotPowerBalanceComparison.m","1146","6cafc419143b3a5a2cb481ba19d9d044d302b2903b513cd59965c0b526f1e217"
"P3_V2H_V2G_Project/src/figures/plotSOCComparison.m","1376","61e7b5a6de33d0508f217470b726b7e255d3717812ebc50cb9333795d7687b7c"
"P3_V2H_V2G_Project/src/figures/plotSystemBoundary.m","2331","fe20227bd27dc2c7b579f3fb9d57cc5c9aa4770b5b007491c668af0319d36867"
"P3_V2H_V2G_Project/src/figures/plotTariffSensitivity.m","953","003c3520f05c1c96e373d5fdbc53da77157f278dc1ea14d8a32727c0bf255577"
"P3_V2H_V2G_Project/src/metrics/buildCombinedMetricsTable.m","478","6c4b90004d48da8eeecda562e250cce9e1d64bf5c6f359e8bdf82ecc756c8c78"
"P3_V2H_V2G_Project/src/metrics/buildCostTable.m","1247","e509e9f9641063bd937877303c2d999ac46908e3280371ebaf279f31ef55de7e"
"P3_V2H_V2G_Project/src/metrics/buildOperationalMetrics.m","2384","a5c30ca0db591dd70198d1666b15e64c4276a9600bb80b2cb76649370ab67d60"
"P3_V2H_V2G_Project/src/metrics/buildSensitivityTable.m","2176","867e373547fcf836b183229df8bdf7c667a5197cf51cab56fd3776408d2f5396"
"P3_V2H_V2G_Project/src/multiday/buildDailyMetricsTable.m","203","63e580bd3f2139ffb27f4adcff90ba72aac1aa27a9132ebfae5e6756340920f9"
"P3_V2H_V2G_Project/src/multiday/buildMultiDayDailyMetrics.m","7693","0b27af12ffa638a1ea94e8149c910834a0f2061bc60a744fca7fa7cf1d701015"
"P3_V2H_V2G_Project/src/multiday/buildMultiDayPaperTables.m","9099","112f029155fc18d4e4a0dfbd13b858f442cc5fcddbc3004c9f23f4035895edce"
"P3_V2H_V2G_Project/src/multiday/buildMultiDayRegimeComparison.m","4442","9e394c8095d20b69dae4a40aab315f80cb95bb25b3c758b5b9dfa62a6e11f3be"
"P3_V2H_V2G_Project/src/multiday/buildMultiDayStatistics.m","2942","c1aaec683547e997bd1e75d3e7471ea9a3c558811c63970b2c2bd62ec2616535"
"P3_V2H_V2G_Project/src/multiday/buildMultiDaySummaryMetrics.m","3585","cc5da55464f79c9b2346b5a9a5a14656a0c7ecc2d3b3a2337cb6f6eeb8a54904"
"P3_V2H_V2G_Project/src/multiday/buildMultiDaySummaryTable.m","334","b46e6b5a37e4ffb802500069bdc4329bebe2cd426e98fc9762ccbfae7d267e72"
"P3_V2H_V2G_Project/src/multiday/buildMultiDayTariffSensitivity.m","1856","cd094cae74d3a4eb85b3e745627e61520deff26eae7d5b81702fb1e30e60206b"
"P3_V2H_V2G_Project/src/multiday/buildMultiDayValidationSummary.m","1356","bc3a1c1510a59c6b17134b1dd8e96f7154d58e5156d98c2e5c6b976bf672cc96"
"P3_V2H_V2G_Project/src/multiday/buildRobustnessTable.m","187","0e55ac1ca4461b415e42cd6cde4a92aba4babcda0506fd0bc8abad59f6d3d68e"
"P3_V2H_V2G_Project/src/multiday/buildStatisticalComparison.m","7210","9cd71b028fec1bd5e7a6dcabd74ef3dea08e4ea08db4f2f47c7f843d44314b7f"
"P3_V2H_V2G_Project/src/multiday/classifyValidDays.m","2253","5cd4e3490b1da636383ba1e99e1f6e539aa6d2aa576fe9a4728f27aa64c3a7b0"
"P3_V2H_V2G_Project/src/multiday/exportMultiDayOutputs.m","10691","72e6736848bf1922e61fca80683251782186a94a4811fea7b9aec288bdb63a66"
"P3_V2H_V2G_Project/src/multiday/exportMultiDayResults.m","174","7c865613e440b57c6767819233bffcd0867fc975573bcef068e82b245f6f5f00"
"P3_V2H_V2G_Project/src/multiday/generateMultiDayResultsText.m","6693","0afe87b9d00e5e8e43f1b0ca4d0e01c7757c74a577cf7d98b34911c892b08791"
"P3_V2H_V2G_Project/src/multiday/generateMultiDayText.m","4511","82e12c9b74c4bcdad8b37524bc1d5777a2aa3447a7b5c61529039ccdabe3e85b"
"P3_V2H_V2G_Project/src/multiday/generateStatisticalResultsText.m","2629","558f1dd7d432244fafbb4cb2a2658ccdd118c9da37c8172b3343d2c0bd453a0f"
"P3_V2H_V2G_Project/src/multiday/plotMultiDayCost.m","368","97af8bad9ed889860b905a8a3d82ffb454de267b4c22f816868883d1a610db04"
"P3_V2H_V2G_Project/src/multiday/plotMultiDayExportEnergy.m","374","2941538d225bc17786771a6c0a316f09fb60b316a3420e19493a287d7b29b934"
"P3_V2H_V2G_Project/src/multiday/plotMultiDayFigures.m","8750","f06d9eaa2733db16ee05b4226f604dd6ef8b53a26d8dbf546cd93de61b836f46"
"P3_V2H_V2G_Project/src/multiday/plotMultiDayNetGridEnergy.m","380","9bd1b2c1656c2441d5df1fa8058cc7f836e818769d8648ac633684dc6d85758e"
"P3_V2H_V2G_Project/src/multiday/plotRepresentativeDayMap.m","388","98c62910c012d3422970b447ca3c7b5935c580c32fb3a4534c4c03945541c69a"
"P3_V2H_V2G_Project/src/multiday/plotV2GBenefitDistribution.m","368","3b0cc4f4ec39f2f434a1488d775be50ba278d98ae882f3a97e6ace8b0dd5e8c1"
"P3_V2H_V2G_Project/src/multiday/runMultiDayAnalysis.m","8560","c80ed0cad353c57ed7a4c3369d1b6711e535cd46265bca3317b1e86f1bd4318d"
"P3_V2H_V2G_Project/src/multiday/screenCandidateDays.m","9857","9d7435b3a8d781b334bd601004441f2fdc8bc819f058f2a8114c76755949b133"
"P3_V2H_V2G_Project/src/multiday/selectRepresentativeDays.m","5972","1cb93f56d98fa19e673c34223785a5de173937e5f10e0f34ea8628028e09bd6f"
"P3_V2H_V2G_Project/src/multiday/validateMultiDayResults.m","3901","78aef449cf83bbaca2973c023c73b86c2002647b0d02dc52132abedf28114a7c"
"P3_V2H_V2G_Project/src/optimisation/buildConstraints.m","1391","7cbb53a0169356b63ec577a819963ef82103e1fec8833febc4b53bbac7ac62da"
"P3_V2H_V2G_Project/src/optimisation/buildDecisionVariables.m","863","4695a4922ed87cd91347c3c2bb3a88518a89fb5d37f03d88d58ff0d1e41a4228"
"P3_V2H_V2G_Project/src/optimisation/buildObjective.m","1066","1b28d617f16f5204fa987ab3a16ad67154849c542a78dc92fff1496803d24bb7"
"P3_V2H_V2G_Project/src/optimisation/countModelVariables.m","848","e634c7c06c0e69607482ea02ed13589e03e3d304fd92fc066daf972e83488aec"
"P3_V2H_V2G_Project/src/optimisation/reconstructResults.m","3780","2abca8ca336a554fda829eb78fed6f4827bcd274900b663177c8d4631385c27e"
"P3_V2H_V2G_Project/src/optimisation/runRegime.m","415","3c7c447bfdd11ad847b7fcfa581d787840c490345009b3602287015a1f88ac08"
"P3_V2H_V2G_Project/src/optimisation/solveStorageRegimeCVX.m","6440","0253da08abaeb99c6745806c9d81f67a5565fe7be325adc10a74ad8e3b1a1c6f"
"P3_V2H_V2G_Project/src/optimisation/solveV2G.m","456","423fb07382d6c5ae6756e93b74bac91cbff60e3524bbef3858c4877c2f1d5826"
"P3_V2H_V2G_Project/src/optimisation/solveV2H.m","467","9b578a208b39dd2a7e665a1c28c64ca808499ff4d5e1f1d8d4f23e5e898a7f67"
"P3_V2H_V2G_Project/src/optimisation/solveV2HOld.m","465","7c8940d86852f79ac85dd214d927d7b1181032b531917d105c6044c33e0d382c"
"P3_V2H_V2G_Project/src/setup/buildConfig.m","3962","9a9e8789c4f921a9289d7b4fbbd850633f662006f7f0ab2da01fa3f2172c7edf"
"P3_V2H_V2G_Project/src/setup/buildTariffs.m","845","ed2634c6c5fdb82120991263cb67a7d0e8104168786c38b88059882d841fb719"
"P3_V2H_V2G_Project/src/setup/loadHouseData.m","1202","80964090e374fa1a83404a88bb6e5cb89ba43f03f97a5d3e0f19d69adecf325a"
"P3_V2H_V2G_Project/src/setup/prepareInputs.m","1506","363de7105a0a7a60740c38ec1f3db90bb0c1f507a3820d069e46f3e470515178"
"P3_V2H_V2G_Project/src/text/generateDiscussionText.m","3481","754d2135707ac4009e629c0d80c365d486498abc28eb7b087b2896b66d9c9346"
"P3_V2H_V2G_Project/src/text/generateFigureCaptions.m","1068","7ae9a0ec3baf8492a0b3733a430bc5246e7bb1ef3bf622c06837d543be4175d0"
"P3_V2H_V2G_Project/src/text/generatePaperTablesText.m","637","e8a826131314d13f92aec9cda205735417ce5689561d3970330c35b88b1442ed"
"P3_V2H_V2G_Project/src/text/generateResultsText.m","3316","9272e4c36888f0f39085976a93c4f942db0be8299bdabcecda0e8e3b4b8f3535"
"P3_V2H_V2G_Project/src/validation/buildRuntimeVerificationTables.m","2766","c60c7054b686fda8e809765f76b6c42015f95563cfd2927ba246f548a7cc2a0d"
"P3_V2H_V2G_Project/src/validation/buildValidationTable.m","2613","ca437a3be7db5148d9dce2e45991474ea567b2b8ec33b86812fa58f188bee5be"
"P3_V2H_V2G_Project/src/validation/buildVerificationSummary.m","2137","5106ced662eb41a4269d964a51a3d166ff690be7d83f7125c6a46ad5489e1f3b"
"P3_V2H_V2G_Project/src/validation/runPostSolutionVerification.m","744","debe3657bcbb2a074a686ecc74e16bc42dc5b22b3f3f02305e03334a7950a939"
"P3_V2H_V2G_Project/src/validation/validateBounds.m","1857","8bfd79154d4edc27fece048746ec79217a397d33838a450742855705c1834ade"
"P3_V2H_V2G_Project/src/validation/validateCostReconstruction.m","921","96d16c8d088891174418212a0c7728f6a0dfe9bd11d7bdf552e0917a4492316f"
"P3_V2H_V2G_Project/src/validation/validateEVAvailability.m","551","cf88bab5aa888af73138642eaf11deea6b9464ad52b4bead2c7a0f7342f5ad53"
"P3_V2H_V2G_Project/src/validation/validateGridLogic.m","716","eeb941eb2c7f7a2d8e74f5ce0db051750a23113b17a3e8f9da035a696bace928"
"P3_V2H_V2G_Project/src/validation/validatePowerBalance.m","1256","3413dc430990088dba3ba595409121171fae883a15ecc5a26aa52a16d3eaaf99"
"README.md","4396","284689687c87f83d1a9d994bd03eb0b993d6544fa0f158e68df092539c293f48"
"RIGHTS_AND_RELEASE_STATUS.md","1354","e4a382ef918cb5e70358612cf4141523311fdb0029361f1c7079c74e19847582"
"Round2_revision/audit_equality_failures.m","2314","5e02405534d870bef721625df71cb8623e1175ca020a30190105f5d62b5f3d90"
"Round2_revision/build_workbooks.mjs","6005","4584517db0f3a85b0360ed94eadc4dd104804e6ae539f56034ee2befeb121823"
"Round2_revision/configuration.mat","3222","0e24efccb186575f38a6b9038fd99fad0df4c8d0bbebfccd4dfe6d3ab38b86cd"
"Round2_revision/figures/R2_01_Baseline_EV_ge.pdf","24683","819c83ad787fc6b6810cab4ce3b1a8231a7b0092aaadd77fd3f22c9bbcc08042"
"Round2_revision/figures/R2_01_Baseline_EV_ge.png","150464","87804e22a3f31ac671e2488f85d1d0891c1cb7018a98e752cdd80ac6084b4166"
"Round2_revision/figures/R2_01_Baseline_EV_none.pdf","24889","d5c6d0c0a072bf76ec297ecc3c0316b5062a313114dac7c049581be557b56453"
"Round2_revision/figures/R2_01_Baseline_EV_none.png","151508","ad43414d509adf630624ea5f69391e13cdc9ea4f9f74d4e86d6c615e85702f53"
"Round2_revision/figures/R2_02_Daily_Costs.pdf","27452","7a4ae38f44cfb2898235d208cdc3a9ff13f34101d4c3147fa54c133ff4c6cd57"
"Round2_revision/figures/R2_02_Daily_Costs.png","271978","d6b8dbc94c5b147c8b3847c0ed4654bb22d612e178ffb67b90d612a687dc42f0"
"Round2_revision/figures/R2_03_Daily_Saving.pdf","18117","f92ac1dd3a2b14630148bdce7db00460f46dd2fe3b0a56145218b12aa9ae01a5"
"Round2_revision/figures/R2_03_Daily_Saving.png","182498","1733f897ef03f08f93b0f7435aa1e7775dc0274eeb0c95a9507c78aba843fa56"
"Round2_revision/figures/R2_04_Reoptimised_Tariff.pdf","22328","6c45ba68fb1252b725490d16dcdfc0e83c6b22a9865bba3c7f00af33aa1bde28"
"Round2_revision/figures/R2_04_Reoptimised_Tariff.png","202445","995ad5945ac7023168d660a8a64a6b2f1c35d92ffcc432fea720c2e3e0f42a70"
"Round2_revision/figures/R2_05_Tariff_Onset.pdf","13105","a95976901c2a8a05b44623b6cfa9ea2c9b66548ee9966a0a58054234944329b0"
"Round2_revision/figures/R2_05_Tariff_Onset.png","109553","eb8f7e0687a95af04559d5895d30ac439b74d05e77f76c5089824703211915d3"
"Round2_revision/figures/R2_06_Restoration_Comparison.pdf","15114","e7bb41b426febf02b500ada82b11ce54dfbb130909a209dab0640d2e1929ebf0"
"Round2_revision/figures/R2_06_Restoration_Comparison.png","179773","af531a92f6467a5935939aeb5be589096cda856e7743283c30bfaca49217ae2d"
"Round2_revision/figures/R2_07_Cost_Decomposition.pdf","12809","aba6cf3f35e16a393bd935aa685661a8faef1100779cc6b8fc2753b7a6c779e7"
"Round2_revision/figures/R2_07_Cost_Decomposition.png","111065","74473113029e4c8ef6f9394165f51cc2f5e7c1aeaf1bc0961704183d1fdf3f88"
"Round2_revision/finalise_round2.m","5023","20b657a29569c6a14c0f12cc85e0386d444e1b527fdd215b4d5dc8ee39a3b241"
"Round2_revision/plot_round2.m","6581","f65cc0731b17d41a88d9b7b266c569009e6874f34c3f967c89d172ff085329d9"
"Round2_revision/prepareRound2.m","2147","aed4d4c536ec7b006e3c79b5a2fa20a2a127f5ac924d497514dc58a4cfd04695"
"Round2_revision/run_round2_principal.m","2121","061e3010bc4eb55663f321126f743d5b30404c617c9352cd06ace35b451583c8"
"Round2_revision/run_round2_restoration.m","3475","a712094eb4186b7014f41a1589b16d2da21b8e03b9895f2bd5b38d7cb53ee2f8"
"Round2_revision/run_round2_tariffs.m","5345","116053dc2182baecedc57638d290f3e2966c1ce34cf010755a8efe6f09d3f2ce"
"Round2_revision/runRound2Case.m","2416","028691f052e167886e0e3fffd3b17e353190d5a08ff670ba1c8d76acc729587e"
"Round2_revision/selected_days.csv","10694","d85b7736c527a5623ea033cd368a6760822691714554ddb1990d405dd5dfe3ed"
"Round2_revision/solveRound2.m","8184","ccd94ccdf017208d05b788f14c870b05ac216deba0618586e2f17551547e93d7"
"Round2_revision/summarise_round2.py","12559","94d0b09b26e0fa7cab935630e9e362543ba7ba465fc37a976a18671e535bcd74"
"Round2_revision/tables/baseline_runs.csv","6409","a4f552160c4e5ae7a305c7c891566ab30611d6031e85393cf3ec7b8e8cb57c22"
"Round2_revision/tables/break_even_thresholds.csv","1488","e10269c0d14bc40809c87315794e5499d60eb10dd9e6acbc14dd613f680ee1ec"
"Round2_revision/tables/certified_principal_runs.csv","356680","98c3e46eca413aeb3c5b9e2546854929137643444352068387b6dfb89d9945c0"
"Round2_revision/tables/comparison_summary.csv","1925","4707b2ab3a9cdf20680f44cf785279c2488b3712fd4dd7d3f4ee520d3e24fd97"
"Round2_revision/tables/component_audit.csv","2725","595fb2c94c41532c38c557257880bec157f81f0c25797d8c5610f545854a7b5d"
"Round2_revision/tables/computational_summary.csv","824","5770a90485eedb29f7f9dbe2e6e6b772a5e763ab98f9f0cb704bebaedd6bcb61"
"Round2_revision/tables/equality_infeasibility_evidence.csv","2319","9ef32c9bad4f7d8e70f3de899ff929c457033c0a7e04c507072d944eb98cfb55"
"Round2_revision/tables/manuscript_caption_map.csv","15407","66586736f5bf57fbbf8eaf5f588524be24e53191eb42d3975218efe00a177e0b"
"Round2_revision/tables/manuscript_paragraph_change_map.csv","108453","d2102a21435de23a3c615d95881b69ce0e61b233901e7f9a22919c37b3a5fdcc"
"Round2_revision/tables/model_counts_reserve.csv","40704","16fe9d0786dcdb09dc66f3678d4862295e751b3ecb8dd6178d2de627f8c4d772"
"Round2_revision/tables/monte_carlo_variable_trace.csv","1341","7e55756a4573397ab285d13891b74f9a95db280a71be349b4b609669637c4a38"
"Round2_revision/tables/principal_pairs.csv","52369","45ca6752af1fc6599d1aaeca0f291c96aeea579b585ba818ad3c636ad86718a5"
"Round2_revision/tables/restoration_day_level.csv","30493","4bc52737c87ddf75a82b0202b4016d3e55857257613d28854802fb4d8a7b1d9a"
"Round2_revision/tables/restoration_paired.csv","18047","90af9cda6c91a343daf49f9d00320b53ef6cdd89873548ebc743d6c20b8bc675"
"Round2_revision/tables/restoration_summary.csv","2426","f686d360d2f7c7a9f7fede540c5892f8de6edbfb2e4d8beab6879087c0d3212d"
"Round2_revision/tables/reviewer_closure_matrix.csv","1847","3c6c746bd58b68d9c2f5cbdd4f0912fee78aded0f4794cc261ae7ed0130629b9"
"Round2_revision/tables/saving_materiality.csv","353","ac93a49e0d0ab37dfa1ef1e9c02c237e88298f1de3bf41fd34390b400afba8b5"
"Round2_revision/tables/separated_accuracy_and_reserve_effects.csv","11815","7eb6bde8257c73822a4109cbe0aca5bc5dd033f8903862451dca4b2cae0d63e4"
"Round2_revision/tables/subset_profile_comparison.csv","688","4b9826bfdd9575a0bfac194cb21377bdb4af8f02bf8df8dfdc8d0ce96338d453"
"Round2_revision/tables/tariff_pairs.csv","9145","28826e4b7ecc268329f270c5df412719d340e4191088d32c51cceddacad1e8f5"
"Round2_revision/tables/tariff_runs.csv","97750","aa4be64a8cc41d28e253eb0f3769b28fa6944bc534e3c8dd3a60c0eb12a0e006"
"Round2_revision/tables/validation_check_counts.csv","602","ab848c20a2ed5c180d4e1c62e934def2aeaae13f7193c6daed0b751775c6fbae"
"Round2_revision/tables/validation_checks.csv","2139366","75c285535ce5b305d646e57850eb7fbd113489f6f6a63bb31683c6031499a321"
"Round2_revision/tables/validation_summary.csv","497","d237af0b8e4289593335df4020eb57f894218724041ed6111362507c26558f21"
"Round2_revision/validateRound2.m","4230","434a9de838e9bbadabd40bac761b589b71ac1deb2937865ef64a31d2e44e76c5"
"Round2_revision/write_round2_reports.py","36967","601967266a7c38bf245337e3ff1bb29f54be856f40863731bf961ee6e6442021"
