DayID,CalendarDate,StructureFirstIndex,WorkbookFirstRow,StructureLastIndex,WorkbookLastRow,Load_kWh,PV_kWh,Trip_kWh,Connected_h,RawReserve_kWh,OldV2HCost_GBP,OldV2GCost_GBP,OldValidPair
43593,2014-06-14,145,145,288,288,2.941,8.7585,11.2,15,1.89166666666667,0.526651131400762,0.0446818412773911,1
43594,2014-06-15,289,289,432,432,5.5545,7.13766666666667,9.8,15,0,0.615774096112179,0.081611579445669,1
43595,2014-06-16,433,433,576,576,3.055,6.5145,8.4,13,0,0.538338746083173,-0.00892443725015901,1
43597,2014-06-18,721,721,864,864,4.30266666666667,12.7618333333333,7,14,0,0.340035630865026,-0.270456382142837,1
43598,2014-06-19,865,865,1008,1008,3.904,7.55133333333334,12.6,9,0,0.565097409934248,0.130913326600931,1
43599,2014-06-20,1009,1009,1152,1152,3.018,11.811,7,13,0,0.292505038234541,-0.301118702998581,1
43600,2014-06-21,1153,1153,1296,1296,3.17283333333333,19.3238333333333,11.2,15,0,-0.0507151217840777,-0.536215288450586,1
43602,2014-06-23,1441,1441,1584,1584,2.891,13.5398333333333,8.4,13,0.326,0.254926793111015,-0.308500458972148,1
43603,2014-06-24,1585,1585,1728,1728,3.7795,12.6958333333333,8.4,12,0,0.276533490727544,-0.246343228022385,1
43604,2014-06-25,1729,1729,1872,1872,2.29716666666667,14.416,7,14,0,0.148376806378633,-0.440352962962899,1
43605,2014-06-26,1873,1873,2016,2016,2.21933333333333,13.111,12.6,9,0,0.205065477339024,-0.251157439327647,1
43606,2014-06-27,2017,2017,2160,2160,2.5975,12.254,7,13,0.186,0.256475820182877,-0.341535129817122,1
43608,2014-06-29,2305,2305,2448,2448,3.32033333333333,11.5876666666667,9.8,15,0,0.301026621028038,-0.231646966644805,1
43609,2014-06-30,2449,2449,2592,2592,2.59316666666667,13.3043333333333,8.4,13,0,0.212821873045297,-0.346267726954701,1
43610,2014-07-01,2593,2593,2736,2736,3.15916666666667,13.3771666666667,8.4,12,0,0.236663710395257,-0.318919922938075,1
43611,2014-07-02,2737,2737,2880,2880,3.80066666666667,18.8688333333333,7,14,0,0.0192262934631183,-0.535931011580743,1
43613,2014-07-04,3025,3025,3168,3168,1.33033333333333,20.0303333333333,7,13,0,-0.0374890983008285,-0.691633607330374,1
43614,2014-07-05,3169,3169,3312,3312,1.05166666666667,5.77566666666667,11.2,15,0,0.45157069438644,-0.0466821389468939,1
43615,2014-07-06,3313,3313,3456,3456,1.12233333333333,10.758,9.8,15,0,0.276747158502479,-0.260006869890815,1
43616,2014-07-07,3457,3457,3600,3600,2.0215,16.3303333333333,8.4,13,0.262333333333333,0.0744859563786132,-0.48348729362137,1
43617,2014-07-08,3601,3601,3744,3744,3.12883333333333,11.1531666666667,8.4,12,0,0.353306647710579,-0.241808523122853,1
43619,2014-07-10,3889,3889,4032,4032,3.53733333333333,3.156,12.6,9,2.71216666666667,1.00493287922905,0.541203779228914,1
43620,2014-07-11,4033,4033,4176,4176,7.9175,3.42266666666667,7,13,3.45883333333333,NaN,NaN,0
43621,2014-07-12,4177,4177,4320,4320,12.5631666666667,8.72366666666667,11.2,15,3.858,NaN,NaN,0
43622,2014-07-13,4321,4321,4464,4464,14.6905,7.40383333333334,9.8,15,0.649333333333333,1.36205957285728,0.933653669434748,1
43624,2014-07-15,4609,4609,4752,4752,8.5435,13.6931666666667,8.4,12,0.426833333333333,0.741468997954698,0.225500247954793,1
43625,2014-07-16,4753,4753,4896,4896,8.60733333333333,16.239,7,14,1.04866666666667,0.493123298674068,-0.0693938513254475,1
43626,2014-07-17,4897,4897,5040,5040,8.33566666666667,19.618,12.6,9,0,0.4264593159776,-0.0147118173557348,1
43627,2014-07-18,5041,5041,5184,5184,6.7025,18.2986666666667,7,13,0.697333333333333,0.157556243504713,-0.409905081050436,1
43629,2014-07-20,5329,5329,5472,5472,13.0188333333333,9.141,9.8,15,3.68066666666666,NaN,NaN,0
43630,2014-07-21,5473,5473,5616,5616,10.813,12.8621666666667,8.4,13,1.21933333333333,0.654020412411703,0.213963295745548,1
43631,2014-07-22,5617,5617,5760,5760,9.26366666666667,17.7266666666667,8.4,12,0.0403333333333334,0.498433965184637,-0.0166892681482884,1
43632,2014-07-23,5761,5761,5904,5904,10.5063333333333,19.2048333333333,7,14,0,0.375214800433171,-0.145701832900141,1
43633,2014-07-24,5905,5905,6048,6048,7.74033333333333,19.5975,12.6,9,0.569666666666667,0.350296521314532,-0.0863801453521349,1
43635,2014-07-26,6193,6193,6336,6336,9.9925,14.9981666666667,11.2,15,4.02366666666667,NaN,NaN,0
43636,2014-07-27,6337,6337,6480,6480,12.049,8.7015,9.8,15,1.81966666666667,1.23809883292011,0.823940255818835,1
43637,2014-07-28,6481,6481,6624,6624,10.786,5.92816666666667,8.4,13,2.17016666666667,1.23530350751566,0.801423918754785,1
43638,2014-07-29,6625,6625,6768,6768,8.66383333333333,17.4721666666667,8.4,12,0,0.610548489362908,0.116712129391786,1
43640,2014-07-31,6913,6913,7056,7056,2.61883333333333,16.7965,12.6,9,0.782666666666667,0.184922751706175,-0.281716567441236,1
43641,2014-08-01,7057,7057,7200,7200,5.69033333333333,15.2271666666667,7,13,0,0.490526250433204,-0.0922946662334891,1
43642,2014-08-02,7201,7201,7344,7344,3.51616666666667,12.0868333333333,11.2,15,0.614,0.327236564801131,-0.0709100775865971,1
43643,2014-08-03,7345,7345,7488,7488,3.9205,15.466,9.8,15,0,0.135358279855174,-0.365368890978228,1
43644,2014-08-04,7489,7489,7632,7632,2.76633333333333,15.0393333333333,8.4,13,1.63483333333333,0.312126954755903,-0.303283798786209,1
43646,2014-08-06,7777,7777,7920,7920,3.2415,12.3143333333333,7,14,0.5175,0.340440479391455,-0.239585982633339,1
43647,2014-08-07,7921,7921,8064,8064,4.327,12.1533333333333,12.6,9,0.0178333333333333,0.566721506186541,0.113718922853172,1
43648,2014-08-08,8065,8065,8208,8208,2.58416666666667,6.63016666666667,7,13,0,0.540260754116457,-0.0902734138429422,1
43649,2014-08-09,8209,8209,8352,8352,2.434,17.3206666666667,11.2,15,0,0.00939223177108384,-0.483016751562266,1
43651,2014-08-11,8497,8497,8640,8640,3.10233333333333,13.8911666666667,8.4,13,0,0.279036926600851,-0.353509087700337,1
43652,2014-08-12,8641,8641,8784,8784,2.7915,14.724,8.4,12,0,0.186650062005391,-0.390933371327941,1
43653,2014-08-13,8785,8785,8928,8928,2.64033333333333,14.696,7,14,0.0593333333333333,0.217966070868077,-0.411934547314832,1
43654,2014-08-14,8929,8929,9072,9072,2.9375,7.66783333333334,12.6,9,0,0.491126780868386,0.0328857142017126,1
43655,2014-08-15,9073,9073,9216,9216,2.83283333333333,12.3161666666667,7,13,0,0.253296773922436,-0.261363242744178,1
43657,2014-08-17,9361,9361,9504,9504,3.3135,12.9088333333333,9.8,15,0,0.270371254035854,-0.264387916047363,1
43658,2014-08-18,9505,9505,9648,9648,2.59783333333333,10.7053333333333,8.4,13,0,0.311533182048226,-0.237069584618596,1
43659,2014-08-19,9649,9649,9792,9792,2.64983333333333,14.9915,8.4,12,0,0.158778003608553,-0.395326129724781,1
43660,2014-08-20,9793,9793,9936,9936,3.21816666666667,12.6988333333333,7,14,1.27733333333333,0.350091098489742,-0.232618551510114,1
43662,2014-08-22,10081,10081,10224,10224,9.22683333333333,11.4741666666667,7,13,2.44516666666667,0.869402536163266,0.360422407897513,1
43663,2014-08-23,10225,10225,10368,10368,12.235,11.4733333333333,11.2,15,3.21716666666667,NaN,NaN,0
43664,2014-08-24,10369,10369,10512,10512,11.3555,9.9395,9.8,15,2.29016666666667,1.05954646433489,0.686689879118331,1
43665,2014-08-25,10513,10513,10656,10656,10.9325,1.96133333333333,8.4,13,3.68716666666667,NaN,NaN,0
43666,2014-08-26,10657,10657,10800,10800,9.09216666666667,4.47216666666666,8.4,12,0.641833333333333,1.23566962137237,0.77682161272704,1
43668,2014-08-28,10945,10945,11088,11088,11.15,9.20916666666667,12.6,9,1.92566666666667,1.55725881939006,1.12914980272348,1
43669,2014-08-29,11089,11089,11232,11232,10.3196666666667,10.1358333333333,7,13,2.12866666666667,0.950580374795419,0.461017325235816,1
43670,2014-08-30,11233,11233,11376,11376,9.27066666666667,9.10433333333333,11.2,15,0.607666666666667,0.944901828024703,0.509580744345055,1
43671,2014-08-31,11377,11377,11520,11520,12.3461666666667,12.4621666666667,9.8,15,3.15166666666667,NaN,NaN,0
43673,2014-09-02,11665,11665,11808,11808,7.32283333333333,7.24966666666667,8.4,12,0.635166666666667,0.86991390542104,0.409946099440125,1
43674,2014-09-03,11809,11809,11952,11952,7.52966666666667,13.8988333333333,7,14,2.17933333333333,0.524999501259715,-0.00536973270359264,1
43675,2014-09-04,11953,11953,12096,12096,8.59433333333333,5.77866666666667,12.6,9,4.367,NaN,NaN,0
43676,2014-09-05,12097,12097,12240,12240,10.4325,4.37266666666667,7,13,1.10033333333333,1.21458620612575,0.80159034423801,1
43678,2014-09-07,12385,12385,12528,12528,7.645,9.85233333333334,9.8,15,0.843,0.676013307649431,0.193011146799527,1
43679,2014-09-08,12529,12529,12672,12672,8.185,16.764,8.4,13,0.494,0.396117516933172,-0.104480833066814,1
43680,2014-09-09,12673,12673,12816,12816,6.05533333333333,11.7855,8.4,12,1.0025,0.49759598437559,-0.0357588989576147,1
43681,2014-09-10,12817,12817,12960,12960,6.92183333333333,9.50466666666667,7,14,2.19816666666667,0.807021196920169,0.308071491840634,1
43682,2014-09-11,12961,12961,13104,13104,7.08066666666667,4.85466666666667,12.6,9,0.604,1.18594775533664,0.818902005336636,1
43684,2014-09-13,13249,13249,13392,13392,8.62116666666667,8.60300000000001,11.2,15,1.03783333333333,0.946857347878883,0.512487209464631,1
43685,2014-09-14,13393,13393,13536,13536,6.89366666666667,9.06866666666667,9.8,15,3.36916666666667,NaN,NaN,0
43686,2014-09-15,13537,13537,13680,13680,10.185,10.3625,8.4,13,1.59683333333333,0.903705509853284,0.445048693187145,1
43687,2014-09-16,13681,13681,13824,13824,6.448,12.1358333333333,8.4,12,1.5845,0.67235480799928,0.203164516554761,1
43689,2014-09-18,13969,13969,14112,14112,9.065,11.9806666666667,12.6,9,2.62533333333333,1.31280600163026,0.86365005163028,1
43690,2014-09-19,14113,14113,14256,14256,10.0548333333333,10.914,7,13,2.36283333333333,1.12711879045469,0.602270510833165,1
43691,2014-09-20,14257,14257,14400,14400,7.9125,3.24966666666667,11.2,15,4.61583333333333,NaN,NaN,0
43692,2014-09-21,14401,14401,14544,14544,11.6453333333333,8.93133333333334,9.8,15,3.27866666666667,NaN,NaN,0
43693,2014-09-22,14545,14545,14688,14688,8.0395,11.9526666666667,8.4,13,2.65433333333333,0.744317037846864,0.272027857092995,1
43695,2014-09-24,14833,14833,14976,14976,6.31383333333333,8.80616666666667,7,14,2.6005,0.7156895845927,0.203370117926621,1
43696,2014-09-25,14977,14977,15120,15120,8.55433333333333,10.4266666666667,12.6,9,3.0105,NaN,NaN,0
43697,2014-09-26,15121,15121,15264,15264,9.54333333333333,6.78416666666667,7,13,3.74066666666667,NaN,NaN,0
43698,2014-09-27,15265,15265,15408,15408,12.0973333333333,8.626,11.2,15,2.61283333333333,1.57414537178199,1.19146198844872,1
43700,2014-09-29,15553,15553,15696,15696,8.10516666666667,2.3535,8.4,13,3.91283333333333,NaN,NaN,0
43701,2014-09-30,15697,15697,15840,15840,9.54583333333333,9.6345,8.4,12,4.13716666666667,NaN,NaN,0
43702,2014-10-01,15841,15841,15984,15984,8.643,4.78466666666666,7,14,3.83233333333333,NaN,NaN,0
