CaseID,DayID,CalendarDate,Regime,TerminalMode,ReserveCapped,SolverStatus,ModelVersion,Generated,Cost_GBP,ImportCost_GBP,ExportRevenue_GBP,BatteryDeg_GBP,EVDeg_GBP,GridImport_kWh,GridExport_kWh,NetGrid_kWh,EVCharge_kWh,EVDischarge_kWh,EVInitialSOC_pct,EVFinalSOC_pct,EVInitialEnergy_kWh,EVFinalEnergy_kWh,BatteryMinSOC_pct,BatteryMaxSOC_pct,EVMinSOC_pct,EVMaxSOC_pct,BalanceMax_kW,BalanceRMS_kW,GridSimultaneity_kW,EVChargeAway_kW,EVDischargeAway_kW,CostError_GBP,FirstTripError_kWh,TerminalViolation_kWh,TripEnergy_kWh,OptimisationTime_s,VerificationTime_s,Valid,Error,ObjectiveLowerBound_GBP,AbsoluteMIPGap_GBP,SourceMAT
control_43598_V2H,43598,2014-06-19,V2H,none,0,Solved,R2.2,2026-10-01 14:01:29,0.565097409934248,0.692397437017725,0.174030483333352,0.0428529562498759,0.00387749999999915,12.5724553450002,4.59183333333383,7.98062201166632,11.3724279835399,0.352499999999923,64.4120370370353,57.5208333333335,25.7648148148141,23.0083333333334,19.9999999999999,36.4066979166189,57.5208333333335,90,2.55018228756398e-13,3.89318755586251e-14,4.54747350886464e-13,0,0,2.22044604925031e-16,0,0,12.6,6.4530037,0.0459864,1,,0.565097409934248,0,PROJECT_ROOT\Round2_revision\runs_certified\control_43598_V2H.mat
control_43598_V2G,43598,2014-06-19,V2G,none,0,Solved,R2.2,2026-10-01 14:01:32,0.104905659934338,0.692397437017865,0.822404733333399,0.0428529562498729,0.19206,12.5724553450025,21.6993333333351,-9.1268779883326,11.3724279835399,17.46,64.4120370370353,10.0000000000001,25.7648148148141,4.00000000000004,20.0000000000011,36.4066979166189,10.0000000000001,90,6.32563446067991e-13,2.62460402617552e-13,0,0,0,2.77555756156289e-17,0,0,12.6,2.288254,0.0029417,1,,0.104905659934338,0,PROJECT_ROOT\Round2_revision\runs_certified\control_43598_V2G.mat
uncapped_43598_V2H,43598,2014-06-19,V2H,none,0,Solved,R2.2,2026-10-01 14:01:52,0.565097409934248,0.692397437017725,0.174030483333352,0.0428529562498759,0.00387749999999915,12.5724553450002,4.59183333333383,7.98062201166632,11.3724279835399,0.352499999999923,64.4120370370353,57.5208333333335,25.7648148148141,23.0083333333334,19.9999999999999,36.4066979166189,57.5208333333335,90,2.55018228756398e-13,3.89318755586251e-14,4.54747350886464e-13,0,0,2.22044604925031e-16,0,0,12.6,2.1032991,0.0010295,1,,0.565097409934248,0,PROJECT_ROOT\Round2_revision\runs_certified\uncapped_43598_V2H.mat
uncapped_43598_V2G,43598,2014-06-19,V2G,none,0,Solved,R2.2,2026-10-01 14:01:54,0.104905659934338,0.692397437017865,0.822404733333399,0.0428529562498729,0.19206,12.5724553450025,21.6993333333351,-9.1268779883326,11.3724279835399,17.46,64.4120370370353,10.0000000000001,25.7648148148141,4.00000000000004,20.0000000000011,36.4066979166189,10.0000000000001,90,6.32563446067991e-13,2.62460402617552e-13,0,0,0,2.77555756156289e-17,0,0,12.6,2.0711222,0.0008989,1,,0.104905659934338,0,PROJECT_ROOT\Round2_revision\runs_certified\uncapped_43598_V2G.mat
principal_none_43598_V2H,43598,2014-06-19,V2H,none,1,Solved,R2.2,2026-10-01 14:09:11,0.565097409934248,0.692397437017725,0.174030483333352,0.0428529562498759,0.00387749999999915,12.5724553450002,4.59183333333383,7.98062201166632,11.3724279835399,0.352499999999923,64.4120370370353,57.5208333333335,25.7648148148141,23.0083333333334,19.9999999999999,36.4066979166189,57.5208333333335,90,2.55018228756398e-13,3.89318755586251e-14,4.54747350886464e-13,0,0,2.22044604925031e-16,0,0,12.6,2.1398543,0.0008738,1,,0.565097409934248,0,PROJECT_ROOT\Round2_revision\runs_certified\principal_none_43598_V2H.mat
principal_none_43598_V2G,43598,2014-06-19,V2G,none,1,Solved,R2.2,2026-10-01 14:09:13,0.104905659934338,0.692397437017865,0.822404733333399,0.0428529562498729,0.19206,12.5724553450025,21.6993333333351,-9.1268779883326,11.3724279835399,17.46,64.4120370370353,10.0000000000001,25.7648148148141,4.00000000000004,20.0000000000011,36.4066979166189,10.0000000000001,90,6.32563446067991e-13,2.62460402617552e-13,0,0,0,2.77555756156289e-17,0,0,12.6,2.0463038,0.0007775,1,,0.104905659934338,0,PROJECT_ROOT\Round2_revision\runs_certified\principal_none_43598_V2G.mat
principal_ge_43598_V2H,43598,2014-06-19,V2H,ge,1,Solved,R2.2,2026-10-01 14:15:49,0.716298022897188,0.844388216647324,0.174030483333341,0.0428529562498726,0.0030873333333329,15.6183627524068,4.59183333333353,11.0265294190733,14.346502057614,0.280666666666628,64.4120370370353,64.4120370370371,25.7648148148141,25.7648148148149,20.0000000000012,36.4066979166189,57.7203703703705,90,5.07045100350823e-12,4.29951975902622e-13,0,0,0,3.33066907387547e-16,0,0,12.6,2.0259971,0.0007515,1,,0.716298022897188,0,PROJECT_ROOT\Round2_revision\runs_certified\principal_ge_43598_V2H.mat
principal_ge_43598_V2G,43598,2014-06-19,V2G,ge,1,Solved,R2.2,2026-10-01 14:15:51,0.71629802289717,0.844388216647312,0.174030483333351,0.0428529562498759,0.00308733333333302,15.6183627524067,4.5918333333338,11.0265294190729,14.3465020576131,0.280666666666638,64.4120370370353,64.4120370370352,25.7648148148141,25.7648148148141,19.9999999999999,36.4066979166189,57.7203703703704,90,2.55018228756398e-13,3.47341556442097e-14,4.54747350886464e-13,0,0,6.66133814775094e-16,0,7.105427357601e-15,12.6,2.2404237,0.0007688,1,,0.716298022897169,0,PROJECT_ROOT\Round2_revision\runs_certified\principal_ge_43598_V2G.mat
equality_43598_V2H,43598,2014-06-19,V2H,eq,1,Solved,R2.2,2026-10-01 14:22:17,0.716298022897184,0.844388216647325,0.174030483333346,0.0428529562498726,0.0030873333333329,15.6183627524068,4.59183333333366,11.0265294190732,14.346502057614,0.280666666666628,64.4120370370353,64.4120370370371,25.7648148148141,25.7648148148149,20.0000000000012,36.4066979166189,57.7203703703705,90,5.07045100350823e-12,4.31153213955081e-13,0,0,0,3.33066907387547e-16,0,7.53175299905706e-13,12.6,2.152844,0.0010364,1,,0.716298022897184,0,PROJECT_ROOT\Round2_revision\runs_certified\equality_43598_V2H.mat
equality_43598_V2G,43598,2014-06-19,V2G,eq,1,Solved,R2.2,2026-10-01 14:22:19,0.716298022897169,0.844388216647309,0.174030483333349,0.0428529562498759,0.00308733333333302,15.6183627524067,4.59183333333375,11.0265294190729,14.3465020576131,0.280666666666638,64.4120370370353,64.4120370370352,25.7648148148141,25.7648148148141,19.9999999999999,36.4066979166189,57.7203703703704,90,2.55018228756398e-13,2.86285870649157e-14,4.54747350886464e-13,0,0,4.44089209850063e-16,0,7.105427357601e-15,12.6,2.2583981,0.0010575,1,,0.716298022897168,0,PROJECT_ROOT\Round2_revision\runs_certified\equality_43598_V2G.mat
