Comparison,AttemptedDays,ValidPairs,FailedPairs,MeanV2HCost_GBP,MeanV2GCost_GBP,MeanSaving_GBP,MedianSaving_GBP,MinSaving_GBP,MaxSaving_GBP,Q25Saving_GBP,Q75Saving_GBP,V2GLowerCostDays,V2GLowerCost_pct,TieWithinToleranceDays,V2HLowerCostDays,V2GNetRevenueDays,SavingTolerance_GBP
Historical saved default solver / original 74,90,74,16,0.556990910921,0.0484583831576,0.508532527763,0.510649797466,0.36704575,0.65414450903,0.458345004167,0.557375845833,74,100,0,0,43,1e-05
Fresh uncapped certified solver / original 74,90,74,16,0.538354386591,0.02539734486,0.512957041731,0.5147536,0.42265764856,0.601132320988,0.463842304167,0.554188420833,74,100,0,0,43,1e-05
Capped none / all tested,90,90,0,0.666849618722,0.165172866518,0.501676752204,0.505180228395,0.358976851852,0.601132320988,0.4599597375,0.5504826375,90,100,0,0,43,1e-05
Capped none / original 74,74,74,0,0.538354386591,0.02539734486,0.512957041731,0.5147536,0.42265764856,0.601132320988,0.463842304167,0.554188420833,74,100,0,0,43,1e-05
Capped none / recovered 16,16,16,0,1.26114006733,0.811634654189,0.449505413143,0.450025791667,0.358976851852,0.5209992,0.4236918125,0.482224968776,16,100,0,0,0,1e-05
Capped ge / all tested,90,90,0,0.748604303077,0.736387841929,0.0122164611478,2.4412551867e-05,-5.30020471956e-13,0.0742061543212,6.98052726733e-14,0.0235564708334,45,50,45,0,2,1e-05
Capped ge / original 74,74,74,0,0.601023098068,0.58617187361,0.0148512244579,0.000117708950776,-2.00062189037e-13,0.0742061543212,1.44349809883e-13,0.0272622541667,42,56.7567567568,32,0,2,1e-05
Capped ge / recovered 16,16,16,0,1.43116737624,1.43113669541,3.06808384878e-05,-4.49640324973e-14,-5.30020471956e-13,0.00032018312768,-8.26005930321e-14,2.50022225146e-13,3,18.75,13,0,0,1e-05
Capped eq / all tested,21,12,9,1.00810898576,1.00808525968,2.37260802801e-05,-1.65423230669e-14,-1.30118138486e-13,0.00012188518571,-8.08797473439e-14,1.22062758002e-05,3,25,9,0,0,1e-05
