CaseID,DayID,Regime,NativeInfeasible,InitialEnergy_kWh,RelaxedTerminalLowerBound_kWh,AnalyticBoundProvesInfeasible,Interpretation,DiagnosticSourceMAT
equality_43599_V2H,43599,V2H,1,25.7648148148141,27.1309259259259,1,Equality forces depletion not required by >=; native bounded MILP infeasibility verified,PROJECT_ROOT\Round2_revision\runs_certified\feasibility_only_equality_43599_V2H.mat
equality_43604_V2H,43604,V2H,1,25.7648148148141,26.9877777777778,1,Equality forces depletion not required by >=; native bounded MILP infeasibility verified,PROJECT_ROOT\Round2_revision\runs_certified\feasibility_only_equality_43604_V2H.mat
equality_43610_V2H,43610,V2H,1,25.7648148148141,25.6151851851852,0,Equality forces depletion not required by >=; native bounded MILP infeasibility verified,PROJECT_ROOT\Round2_revision\runs_certified\feasibility_only_equality_43610_V2H.mat
equality_43616_V2H,43616,V2H,1,25.7648148148141,25.7138888888889,0,Equality forces depletion not required by >=; native bounded MILP infeasibility verified,PROJECT_ROOT\Round2_revision\runs_certified\feasibility_only_equality_43616_V2H.mat
equality_43627_V2H,43627,V2H,1,25.7648148148141,25.1218518518519,0,Equality forces depletion not required by >=; native bounded MILP infeasibility verified,PROJECT_ROOT\Round2_revision\runs_certified\feasibility_only_equality_43627_V2H.mat
equality_43644_V2H,43644,V2H,1,25.7648148148141,25.5448148148148,0,Equality forces depletion not required by >=; native bounded MILP infeasibility verified,PROJECT_ROOT\Round2_revision\runs_certified\feasibility_only_equality_43644_V2H.mat
equality_43651_V2H,43651,V2H,1,25.7648148148141,25.817962962963,1,Equality forces depletion not required by >=; native bounded MILP infeasibility verified,PROJECT_ROOT\Round2_revision\runs_certified\feasibility_only_equality_43651_V2H.mat
equality_43662_V2H,43662,V2H,1,25.7648148148141,24.6327777777778,0,Equality forces depletion not required by >=; native bounded MILP infeasibility verified,PROJECT_ROOT\Round2_revision\runs_certified\feasibility_only_equality_43662_V2H.mat
equality_43674_V2H,43674,V2H,1,25.7648148148141,24.7088888888889,0,Equality forces depletion not required by >=; native bounded MILP infeasibility verified,PROJECT_ROOT\Round2_revision\runs_certified\feasibility_only_equality_43674_V2H.mat
