Type,Number,Paragraph,Caption,Action
Table,1,17,Table 1. Distinction between the companion verification study and the present economic study.,KEEP conceptual content; audit cross-reference
Figure,1,44,Figure 1. Residential PV-battery-EV system and household-grid boundary. Corrected V2H and export-enabled V2G share cost-minus-revenue accounting; the latter additionally permits EV-supported export.,KEEP conceptual content; audit cross-reference
Table,2,182,Table 2 and Figure 2 report baseline grid exchange using the net-energy definition in (5).,REPLACE or withdraw historical result; not valid for R2.2
Table,2,183,Table 2. Baseline-day grid-exchange comparison.,REPLACE or withdraw historical result; not valid for R2.2
Table,2,185,"Table 2 shows that corrected V2H imports 12.572 kWh/day, while export-enabled V2G imports slightly more at 12.890 kWh/day. Therefore, the baseline-day V2G result is not explained by reduced gross import. The larger change is export: corrected V2H exports 4.592 kWh/day, whereas export-enabled V2G exports 22.017 kWh/day. Consequently, net grid energy changes from +7.981 kWh/day in corrected V2H to −9.127 kWh/day in export-enabled V2G. This shift supports the interpretation that export-enabled V2G changes the grid boundary from a residual supply source into a priced exchange point.",REPLACE or withdraw historical result; not valid for R2.2
Figure,2,188,"Figure 2. Daily grid import, export, and net grid energy for the baseline day, showing that export-enabled V2G changes the net grid position mainly through increased export rather than reduced gross import.",REPLACE or withdraw historical result; not valid for R2.2
Table,3,192,Table 3. Baseline-day EV dispatch and stored-energy balance.,REPLACE or withdraw historical result; not valid for R2.2
Table,3,194,"Table 3 shows that the EV stored-energy balance closes within numerical precision for all three regimes, confirming consistency between the reported SOC values and the EV charging, discharging, efficiency and trip-energy terms. The baseline-day trip-energy withdrawal is 12.600 kWh/day in all three regimes. In the export-enabled V2G case, the EV discharges 17.460 kWh/day and finishes the 24-hour optimisation horizon at 10.000% SOC, corresponding to 4.000 kWh of stored energy and the implemented lower SOC bound. This low final SOC is therefore a consequence of the optimisation dispatch rather than an energy-accounting inconsistency.",REPLACE or withdraw historical result; not valid for R2.2
Figure,3,198,"Figure 3. EV net power over the simulated day, showing that export-enabled V2G substantially increases EV discharge while corrected V2H uses the EV only lightly for household support.",REPLACE or withdraw historical result; not valid for R2.2
Table,4,202,Table 4 and Figure 4 summarise the baseline pre-restoration cost decomposition.,REPLACE or withdraw historical result; not valid for R2.2
Table,4,203,Table 4. Baseline-day pre-restoration economic cost decomposition.,REPLACE or withdraw historical result; not valid for R2.2
Figure,4,207,"Figure 4. Baseline-day pre-restoration operating-cost decomposition, showing that the lower V2G cost under the 24-hour optimisation is mainly driven by export revenue rather than reduced import cost.",REPLACE or withdraw historical result; not valid for R2.2
Table,5,213,Table 5. Baseline-day physical-consistency validation summary.,REPLACE or withdraw historical result; not valid for R2.2
Table,5,215,"Table 5 makes the validation decision explicit rather than reporting numerical diagnostics without interpretation. All three regimes satisfy the implemented power-balance, SOC and grid-direction checks. The maximum balance residuals are of order kW, and simultaneous grid import/export is zero or at numerical precision.",REPLACE or withdraw historical result; not valid for R2.2
Table,6,223,Table 6. pre-restoration re-optimised tariff sensitivity for corrected V2H and export-enabled V2G,REPLACE or withdraw historical result; not valid for R2.2
Table,6,225,"Table 6 shows a strong tariff dependence in the pre-restoration economic comparison. Under the LOW tariff case, the mean corrected-V2H cost is £0.970/day and the mean V2G cost is £0.792/day, producing a mean paired pre-restoration V2G saving of £0.178/day. Under the MEDIUM tariff case, the corresponding costs are £1.249/day and £0.499/day, giving a mean saving of £0.749/day. Under the HIGH tariff case, the mean corrected-V2H cost rises to £1.620/day, whereas the mean V2G net operating cost becomes −£0.071/day, producing a mean saving of £1.692/day. Export-enabled V2G therefore has the lower pre-restoration net operating cost on all 74 common valid paired days under each of the three tested tariff cases.",REPLACE or withdraw historical result; not valid for R2.2
Figure,5,228,"Figure 5. Distribution of daily pre-restoration V2G saving relative to corrected V2H across the 74 common valid paired days under the LOW, MEDIUM, and HIGH re-optimised tariff cases.",REPLACE or withdraw historical result; not valid for R2.2
Table,7,231,Table 7.Mean operational quantities under the re-optimised tariff cases.,REPLACE or withdraw historical result; not valid for R2.2
Figure,7,237,"Figure 7. Baseline-day EV net-power trajectories for corrected V2H and export-enabled V2G under the LOW, MEDIUM, and HIGH tariff-specific re-optimisations.",REPLACE or withdraw historical result; not valid for R2.2
Table,8,238,Table 8 applies the symmetric post-optimisation restoration procedure defined in Section 6.E to the tariff-specific schedules in Tables 6 and 7 and Figures 5 to 7.,REPLACE or withdraw historical result; not valid for R2.2
Table,8,239,Table 8. Restoration-adjusted accounting following tariff-specific re-optimisation.,REPLACE or withdraw historical result; not valid for R2.2
Table,8,241,"Table 8 materially changes the interpretation of the tariff results. Although export-enabled V2G has the lower pre-restoration cost on all 74 common valid paired days under each tariff, the restoration-adjusted saving is negative in every paired case. Mean adjusted savings are −£1.651/day, −£1.993/day, and −£2.424/day under LOW, MEDIUM, and HIGH, respectively. Export-enabled V2G therefore has the lower restoration-adjusted cost on 0/74 valid paired days in each tariff case.",REPLACE or withdraw historical result; not valid for R2.2
Table,9,244,Table 9. Fixed-dispatch degradation-cost sensitivity of the pre-restoration V2G saving relative to corrected V2H.,REPLACE or withdraw historical result; not valid for R2.2
Table,10,251,Table 10. Re-optimised EV-battery-capacity sensitivity.,REPLACE or withdraw historical result; not valid for R2.2
Figure,8,261,Figure 8. Effect of EV battery capacity on the V2G economic comparison: (a) mean pre-restoration V2G saving following independent corrected-V2H and export-enabled-V2G re-optimisation; and (b) mean restoration-adjusted V2G saving following symmetric post-optimisation terminal-energy accounting. Positive values indicate lower operating cost under V2G. The restoration-adjusted results are not obtained from terminal-SOC-constrained re-optimisation.,REPLACE or withdraw historical result; not valid for R2.2
Table,11,266,Table 11 and Figure 9 compare measured-day grid exchange across the regimes.,REPLACE or withdraw historical result; not valid for R2.2
Table,11,267,Table 11. Multi-day grid-exchange comparison across regimes.,REPLACE or withdraw historical result; not valid for R2.2
Table,11,269,"Table 11 shows that mean import changes only from 13.110 ± 1.838 kWh/day in corrected V2H to 13.155 ± 1.988 kWh/day in V2G. Mean export rises from 8.000 ± 4.387 to 27.119 ± 5.369 kWh/day, an increase of 19.119 kWh/day across the 74 common valid pairs.",REPLACE or withdraw historical result; not valid for R2.2
Figure,9,273,"Figure 9. Grid import, export, and net grid energy across the measured days, showing that export-enabled V2G changes the net grid position mainly through increased export rather than reduced gross import.",REPLACE or withdraw historical result; not valid for R2.2
Table,12,275,"Table 12 and Figure 10 report EV charging, discharge, throughput, SOC and availability compliance across the measured days.",REPLACE or withdraw historical result; not valid for R2.2
Table,12,276,Table 12. Multi-day EV dispatch and SOC comparison across regimes.,REPLACE or withdraw historical result; not valid for R2.2
Table,12,278,"Table 12 shows that the V2G effect is not caused by higher EV charging. Mean EV charge energy is almost unchanged between corrected V2H and export-enabled V2G, moving from 11.406 ± 0.094 kWh/day to 11.400 ± 0.088 kWh/day. The main operational change is EV discharge. Corrected V2H discharges the EV by only 1.585 ± 1.312 kWh/day, whereas export-enabled V2G increases EV discharge to 20.641 ± 1.767 kWh/day. This increase of 19.056 kWh/day indicates that export remuneration changes the EV from a lightly used household-support resource into an export-supporting storage resource when the vehicle is connected.",REPLACE or withdraw historical result; not valid for R2.2
Figure,10,283,"Figure 10. Multi-day EV discharge and throughput across regimes. Export-enabled V2G substantially increases EV discharge and total EV throughput relative to corrected V2H, indicating greater EV utilisation under export-revenue-enabled dispatch.",REPLACE or withdraw historical result; not valid for R2.2
Table,13,286,"Table 13 separates the multi-day import, export-revenue and degradation components for the principal corrected-regime comparison.",REPLACE or withdraw historical result; not valid for R2.2
Table,13,287,Table 13. Multi-day economic cost comparison between corrected V2H and export-enabled V2G.,REPLACE or withdraw historical result; not valid for R2.2
Table,13,289,"Table 13 shows that export-enabled V2G has a lower pre-restoration mean net operating cost than corrected V2H under the measured multi-day conditions. Corrected V2H gives a mean net operating cost of £0.557/day, whereas export-enabled V2G gives £0.048/day. This corresponds to a mean pre-restoration saving of £0.509/day and a median pre-restoration saving of £0.511/day relative to corrected V2H.",REPLACE or withdraw historical result; not valid for R2.2
Figure,11,292,"Figure 11. Multi-day net operating cost by regime, showing that export-enabled V2G shifts the daily cost distribution below corrected V2H while remaining positive-cost on average.",REPLACE or withdraw historical result; not valid for R2.2
Figure,12,295,Figure 12. Daily pre-restoration V2G saving relative to corrected V2H across the 74 common valid paired days. The magnitude varies with the selected operating profile.,REPLACE or withdraw historical result; not valid for R2.2
Table,14,300,Table 14. Cost-bridge and operational-ratio summary of export-enabled V2G against corrected V2H.,REPLACE or withdraw historical result; not valid for R2.2
Table,14,302,"Table 14 shows that the mean pre-restoration V2G saving is mainly created by export revenue. Export-enabled V2G increases export revenue by £0.725/day relative to corrected V2H. This is the largest positive economic contribution. The main offsetting term is EV degradation cost, which increases by £0.210/day. The additional import cost is much smaller at £0.014/day, and stationary-battery degradation cost decreases slightly by £0.007/day.",REPLACE or withdraw historical result; not valid for R2.2
Figure,13,307,"Figure 13. Cost-bridge decomposition of the pre-restoration V2G saving against corrected V2H. Additional export revenue is the dominant positive component, while additional EV degradation cost is the main offsetting penalty.",REPLACE or withdraw historical result; not valid for R2.2
Table,15,310,Table 15. Solver-successful corrected-regime days,REPLACE or withdraw historical result; not valid for R2.2
Table,15,318,"Table 15 shows that V2H-Old produced 90 solver-successful cases, whereas corrected V2H and export-enabled V2G each produced 74 solver-successful and credibility-qualified cases from the 90 attempted days. Importantly, the same 16 days were excluded for both corrected regimes, leaving 74 common valid paired observations for the principal corrected V2H–V2G comparison. Consequently, all paired statistical analyses, including the Wilcoxon signed-rank tests and paired Cohen’s values reported in Table 16, are calculated using , not . The 90 days therefore define the attempted scenario set, whereas the 74 common valid paired days define the statistical comparison set. Accordingly, “74/74 valid paired days” represents 100% of the valid paired observations, while “82.2% of 90 attempted days” represents the proportion of the attempted scenario set retained in the valid paired analysis; these two percentages refer to different denominators and should not be interpreted interchangeably.",REPLACE or withdraw historical result; not valid for R2.2
Table,16,323,Table 16. Paired statistical comparison between corrected V2H and export-enabled V2G. ,DELETE inferential/Monte Carlo table
Figure,14,327,"Figure 14. Variable-impact ranking for V2G saving, showing that trip energy and daily load energy have the strongest negative associations, while daily PV energy has the strongest positive association.",REPLACE or withdraw historical result; not valid for R2.2
Table,17,331,Table 17. Validation And Solver Credibility Summary Across Regimes.,REPLACE or withdraw historical result; not valid for R2.2
Table,18,334,Table 18. Interpretation Of Results Against The Paper Aim.,REPLACE or withdraw historical result; not valid for R2.2
Table,18,335,"Table 18 summarises the principal comparison, and Figure 15 relates additional export revenue to the EV-degradation penalty. The terminal-energy adjustment follows in Section 6.E.",REPLACE or withdraw historical result; not valid for R2.2
Figure,15,337,Figure 15. Additional export revenue versus the EV degradation-cost proxy across the measured days. The pre-restoration V2G saving depends on whether the additional export revenue is sufficient to offset the associated degradation penalty and other added costs.,REPLACE or withdraw historical result; not valid for R2.2
Table,19,341,Table 19. Fixed-dispatch Monte Carlo uncertainty summary,DELETE inferential/Monte Carlo table
Table,20,346,Table 20. Effect of terminal-SOC restoration accounting on the corrected V2H–V2G economic comparison.,REPLACE or withdraw historical result; not valid for R2.2
Figure,16,349,"Figure 16 shows the corresponding day-level change in economic outcome. The pre-restoration comparison is positive across the valid paired cases, whereas the restoration-adjusted comparison remains below zero throughout the paired dataset.",REPLACE or withdraw historical result; not valid for R2.2
Figure,16,351,"Figure 16. Daily V2G saving relative to corrected V2H before and after terminal-SOC restoration accounting across the 74 common valid paired days. Positive values indicate lower operating cost under export-enabled V2G, whereas negative values indicate lower cost under corrected V2H. The restoration-adjusted comparison is negative for all valid paired days, demonstrating the sensitivity of the economic result to end-of-horizon EV SOC treatment.",REPLACE or withdraw historical result; not valid for R2.2
