CaseID,TimeSteps,ContinuousVariables,BinaryVariables,RawReserve_kWh,AppliedReserve_kWh,UnmetForecastReserve_kWh
control_43598_V2H,144,864,1440,0,0,0
control_43598_V2G,144,864,1440,0,0,0
uncapped_43593_V2H,144,864,1440,1.89166666666667,1.89166666666667,0
uncapped_43593_V2G,144,864,1440,1.89166666666667,1.89166666666667,0
uncapped_43594_V2H,144,864,1440,0,0,0
uncapped_43594_V2G,144,864,1440,0,0,0
uncapped_43595_V2H,144,864,1440,0,0,0
uncapped_43595_V2G,144,864,1440,0,0,0
uncapped_43597_V2H,144,864,1440,0,0,0
uncapped_43597_V2G,144,864,1440,0,0,0
uncapped_43598_V2H,144,864,1440,0,0,0
uncapped_43598_V2G,144,864,1440,0,0,0
uncapped_43599_V2H,144,864,1440,0,0,0
uncapped_43599_V2G,144,864,1440,0,0,0
uncapped_43600_V2H,144,864,1440,0,0,0
uncapped_43600_V2G,144,864,1440,0,0,0
uncapped_43602_V2H,144,864,1440,0.326,0.326,0
uncapped_43602_V2G,144,864,1440,0.326,0.326,0
uncapped_43603_V2H,144,864,1440,0,0,0
uncapped_43603_V2G,144,864,1440,0,0,0
uncapped_43604_V2H,144,864,1440,0,0,0
uncapped_43604_V2G,144,864,1440,0,0,0
uncapped_43605_V2H,144,864,1440,0,0,0
uncapped_43605_V2G,144,864,1440,0,0,0
uncapped_43606_V2H,144,864,1440,0.186,0.186,0
uncapped_43606_V2G,144,864,1440,0.186,0.186,0
uncapped_43608_V2H,144,864,1440,0,0,0
uncapped_43608_V2G,144,864,1440,0,0,0
uncapped_43609_V2H,144,864,1440,0,0,0
uncapped_43609_V2G,144,864,1440,0,0,0
uncapped_43610_V2H,144,864,1440,0,0,0
uncapped_43610_V2G,144,864,1440,0,0,0
uncapped_43611_V2H,144,864,1440,0,0,0
uncapped_43611_V2G,144,864,1440,0,0,0
uncapped_43613_V2H,144,864,1440,0,0,0
uncapped_43613_V2G,144,864,1440,0,0,0
uncapped_43614_V2H,144,864,1440,0,0,0
uncapped_43614_V2G,144,864,1440,0,0,0
uncapped_43615_V2H,144,864,1440,0,0,0
uncapped_43615_V2G,144,864,1440,0,0,0
uncapped_43616_V2H,144,864,1440,0.262333333333333,0.262333333333333,0
uncapped_43616_V2G,144,864,1440,0.262333333333333,0.262333333333333,0
uncapped_43617_V2H,144,864,1440,0,0,0
uncapped_43617_V2G,144,864,1440,0,0,0
uncapped_43619_V2H,144,864,1440,2.71216666666667,2.71216666666667,0
uncapped_43619_V2G,144,864,1440,2.71216666666667,2.71216666666667,0
uncapped_43622_V2H,144,864,1440,0.649333333333333,0.649333333333333,0
uncapped_43622_V2G,144,864,1440,0.649333333333333,0.649333333333333,0
uncapped_43624_V2H,144,864,1440,0.426833333333333,0.426833333333333,0
uncapped_43624_V2G,144,864,1440,0.426833333333333,0.426833333333333,0
uncapped_43625_V2H,144,864,1440,1.04866666666667,1.04866666666667,0
uncapped_43625_V2G,144,864,1440,1.04866666666667,1.04866666666667,0
uncapped_43626_V2H,144,864,1440,0,0,0
uncapped_43626_V2G,144,864,1440,0,0,0
uncapped_43627_V2H,144,864,1440,0.697333333333333,0.697333333333333,0
uncapped_43627_V2G,144,864,1440,0.697333333333333,0.697333333333333,0
uncapped_43630_V2H,144,864,1440,1.21933333333333,1.21933333333333,0
uncapped_43630_V2G,144,864,1440,1.21933333333333,1.21933333333333,0
uncapped_43631_V2H,144,864,1440,0.0403333333333334,0.0403333333333334,0
uncapped_43631_V2G,144,864,1440,0.0403333333333334,0.0403333333333334,0
uncapped_43632_V2H,144,864,1440,0,0,0
uncapped_43632_V2G,144,864,1440,0,0,0
uncapped_43633_V2H,144,864,1440,0.569666666666667,0.569666666666667,0
uncapped_43633_V2G,144,864,1440,0.569666666666667,0.569666666666667,0
uncapped_43636_V2H,144,864,1440,1.81966666666667,1.81966666666667,0
uncapped_43636_V2G,144,864,1440,1.81966666666667,1.81966666666667,0
uncapped_43637_V2H,144,864,1440,2.17016666666667,2.17016666666667,0
uncapped_43637_V2G,144,864,1440,2.17016666666667,2.17016666666667,0
uncapped_43638_V2H,144,864,1440,0,0,0
uncapped_43638_V2G,144,864,1440,0,0,0
uncapped_43640_V2H,144,864,1440,0.782666666666667,0.782666666666667,0
uncapped_43640_V2G,144,864,1440,0.782666666666667,0.782666666666667,0
uncapped_43641_V2H,144,864,1440,0,0,0
uncapped_43641_V2G,144,864,1440,0,0,0
uncapped_43642_V2H,144,864,1440,0.614,0.614,0
uncapped_43642_V2G,144,864,1440,0.614,0.614,0
uncapped_43643_V2H,144,864,1440,0,0,0
uncapped_43643_V2G,144,864,1440,0,0,0
uncapped_43644_V2H,144,864,1440,1.63483333333333,1.63483333333333,0
uncapped_43644_V2G,144,864,1440,1.63483333333333,1.63483333333333,0
uncapped_43646_V2H,144,864,1440,0.5175,0.5175,0
uncapped_43646_V2G,144,864,1440,0.5175,0.5175,0
uncapped_43647_V2H,144,864,1440,0.0178333333333333,0.0178333333333333,0
uncapped_43647_V2G,144,864,1440,0.0178333333333333,0.0178333333333333,0
uncapped_43648_V2H,144,864,1440,0,0,0
uncapped_43648_V2G,144,864,1440,0,0,0
uncapped_43649_V2H,144,864,1440,0,0,0
uncapped_43649_V2G,144,864,1440,0,0,0
uncapped_43651_V2H,144,864,1440,0,0,0
uncapped_43651_V2G,144,864,1440,0,0,0
uncapped_43652_V2H,144,864,1440,0,0,0
uncapped_43652_V2G,144,864,1440,0,0,0
uncapped_43653_V2H,144,864,1440,0.0593333333333333,0.0593333333333333,0
uncapped_43653_V2G,144,864,1440,0.0593333333333333,0.0593333333333333,0
uncapped_43654_V2H,144,864,1440,0,0,0
uncapped_43654_V2G,144,864,1440,0,0,0
uncapped_43655_V2H,144,864,1440,0,0,0
uncapped_43655_V2G,144,864,1440,0,0,0
uncapped_43657_V2H,144,864,1440,0,0,0
uncapped_43657_V2G,144,864,1440,0,0,0
uncapped_43658_V2H,144,864,1440,0,0,0
uncapped_43658_V2G,144,864,1440,0,0,0
uncapped_43659_V2H,144,864,1440,0,0,0
uncapped_43659_V2G,144,864,1440,0,0,0
uncapped_43660_V2H,144,864,1440,1.27733333333333,1.27733333333333,0
uncapped_43660_V2G,144,864,1440,1.27733333333333,1.27733333333333,0
uncapped_43662_V2H,144,864,1440,2.44516666666667,2.44516666666667,0
uncapped_43662_V2G,144,864,1440,2.44516666666667,2.44516666666667,0
uncapped_43664_V2H,144,864,1440,2.29016666666667,2.29016666666667,0
uncapped_43664_V2G,144,864,1440,2.29016666666667,2.29016666666667,0
uncapped_43666_V2H,144,864,1440,0.641833333333333,0.641833333333333,0
uncapped_43666_V2G,144,864,1440,0.641833333333333,0.641833333333333,0
uncapped_43668_V2H,144,864,1440,1.92566666666667,1.92566666666667,0
uncapped_43668_V2G,144,864,1440,1.92566666666667,1.92566666666667,0
uncapped_43669_V2H,144,864,1440,2.12866666666667,2.12866666666667,0
uncapped_43669_V2G,144,864,1440,2.12866666666667,2.12866666666667,0
uncapped_43670_V2H,144,864,1440,0.607666666666667,0.607666666666667,0
uncapped_43670_V2G,144,864,1440,0.607666666666667,0.607666666666667,0
uncapped_43673_V2H,144,864,1440,0.635166666666667,0.635166666666667,0
uncapped_43673_V2G,144,864,1440,0.635166666666667,0.635166666666667,0
uncapped_43674_V2H,144,864,1440,2.17933333333333,2.17933333333333,0
uncapped_43674_V2G,144,864,1440,2.17933333333333,2.17933333333333,0
uncapped_43676_V2H,144,864,1440,1.10033333333333,1.10033333333333,0
uncapped_43676_V2G,144,864,1440,1.10033333333333,1.10033333333333,0
uncapped_43678_V2H,144,864,1440,0.843,0.843,0
uncapped_43678_V2G,144,864,1440,0.843,0.843,0
uncapped_43679_V2H,144,864,1440,0.494,0.494,0
uncapped_43679_V2G,144,864,1440,0.494,0.494,0
uncapped_43680_V2H,144,864,1440,1.0025,1.0025,0
uncapped_43680_V2G,144,864,1440,1.0025,1.0025,0
uncapped_43681_V2H,144,864,1440,2.19816666666667,2.19816666666667,0
uncapped_43681_V2G,144,864,1440,2.19816666666667,2.19816666666667,0
uncapped_43682_V2H,144,864,1440,0.604,0.604,0
uncapped_43682_V2G,144,864,1440,0.604,0.604,0
uncapped_43684_V2H,144,864,1440,1.03783333333333,1.03783333333333,0
uncapped_43684_V2G,144,864,1440,1.03783333333333,1.03783333333333,0
uncapped_43686_V2H,144,864,1440,1.59683333333333,1.59683333333333,0
uncapped_43686_V2G,144,864,1440,1.59683333333333,1.59683333333333,0
uncapped_43687_V2H,144,864,1440,1.5845,1.5845,0
uncapped_43687_V2G,144,864,1440,1.5845,1.5845,0
uncapped_43689_V2H,144,864,1440,2.62533333333333,2.62533333333333,0
uncapped_43689_V2G,144,864,1440,2.62533333333333,2.62533333333333,0
uncapped_43690_V2H,144,864,1440,2.36283333333333,2.36283333333333,0
uncapped_43690_V2G,144,864,1440,2.36283333333333,2.36283333333333,0
uncapped_43693_V2H,144,864,1440,2.65433333333333,2.65433333333333,0
uncapped_43693_V2G,144,864,1440,2.65433333333333,2.65433333333333,0
uncapped_43695_V2H,144,864,1440,2.6005,2.6005,0
uncapped_43695_V2G,144,864,1440,2.6005,2.6005,0
uncapped_43698_V2H,144,864,1440,2.61283333333333,2.61283333333333,0
uncapped_43698_V2G,144,864,1440,2.61283333333333,2.61283333333333,0
principal_none_43593_V2H,144,864,1440,1.89166666666667,1.89166666666667,0
principal_none_43593_V2G,144,864,1440,1.89166666666667,1.89166666666667,0
principal_none_43594_V2H,144,864,1440,0,0,0
principal_none_43594_V2G,144,864,1440,0,0,0
principal_none_43595_V2H,144,864,1440,0,0,0
principal_none_43595_V2G,144,864,1440,0,0,0
principal_none_43597_V2H,144,864,1440,0,0,0
principal_none_43597_V2G,144,864,1440,0,0,0
principal_none_43598_V2H,144,864,1440,0,0,0
principal_none_43598_V2G,144,864,1440,0,0,0
principal_none_43599_V2H,144,864,1440,0,0,0
principal_none_43599_V2G,144,864,1440,0,0,0
principal_none_43600_V2H,144,864,1440,0,0,0
principal_none_43600_V2G,144,864,1440,0,0,0
principal_none_43602_V2H,144,864,1440,0.326,0.326,0
principal_none_43602_V2G,144,864,1440,0.326,0.326,0
principal_none_43603_V2H,144,864,1440,0,0,0
principal_none_43603_V2G,144,864,1440,0,0,0
principal_none_43604_V2H,144,864,1440,0,0,0
principal_none_43604_V2G,144,864,1440,0,0,0
principal_none_43605_V2H,144,864,1440,0,0,0
principal_none_43605_V2G,144,864,1440,0,0,0
principal_none_43606_V2H,144,864,1440,0.186,0.186,0
principal_none_43606_V2G,144,864,1440,0.186,0.186,0
principal_none_43608_V2H,144,864,1440,0,0,0
principal_none_43608_V2G,144,864,1440,0,0,0
principal_none_43609_V2H,144,864,1440,0,0,0
principal_none_43609_V2G,144,864,1440,0,0,0
principal_none_43610_V2H,144,864,1440,0,0,0
principal_none_43610_V2G,144,864,1440,0,0,0
principal_none_43611_V2H,144,864,1440,0,0,0
principal_none_43611_V2G,144,864,1440,0,0,0
principal_none_43613_V2H,144,864,1440,0,0,0
principal_none_43613_V2G,144,864,1440,0,0,0
principal_none_43614_V2H,144,864,1440,0,0,0
principal_none_43614_V2G,144,864,1440,0,0,0
principal_none_43615_V2H,144,864,1440,0,0,0
principal_none_43615_V2G,144,864,1440,0,0,0
principal_none_43616_V2H,144,864,1440,0.262333333333333,0.262333333333333,0
principal_none_43616_V2G,144,864,1440,0.262333333333333,0.262333333333333,0
principal_none_43617_V2H,144,864,1440,0,0,0
principal_none_43617_V2G,144,864,1440,0,0,0
principal_none_43619_V2H,144,864,1440,2.71216666666667,2.71216666666667,0
principal_none_43619_V2G,144,864,1440,2.71216666666667,2.71216666666667,0
principal_none_43620_V2H,144,864,1440,3.45883333333333,3,0.458833333333333
principal_none_43620_V2G,144,864,1440,3.45883333333333,3,0.458833333333333
principal_none_43621_V2H,144,864,1440,3.858,3,0.858
principal_none_43621_V2G,144,864,1440,3.858,3,0.858
principal_none_43622_V2H,144,864,1440,0.649333333333333,0.649333333333333,0
principal_none_43622_V2G,144,864,1440,0.649333333333333,0.649333333333333,0
principal_none_43624_V2H,144,864,1440,0.426833333333333,0.426833333333333,0
principal_none_43624_V2G,144,864,1440,0.426833333333333,0.426833333333333,0
principal_none_43625_V2H,144,864,1440,1.04866666666667,1.04866666666667,0
principal_none_43625_V2G,144,864,1440,1.04866666666667,1.04866666666667,0
principal_none_43626_V2H,144,864,1440,0,0,0
principal_none_43626_V2G,144,864,1440,0,0,0
principal_none_43627_V2H,144,864,1440,0.697333333333333,0.697333333333333,0
principal_none_43627_V2G,144,864,1440,0.697333333333333,0.697333333333333,0
principal_none_43629_V2H,144,864,1440,3.68066666666666,3,0.680666666666665
principal_none_43629_V2G,144,864,1440,3.68066666666666,3,0.680666666666665
principal_none_43630_V2H,144,864,1440,1.21933333333333,1.21933333333333,0
principal_none_43630_V2G,144,864,1440,1.21933333333333,1.21933333333333,0
principal_none_43631_V2H,144,864,1440,0.0403333333333334,0.0403333333333334,0
principal_none_43631_V2G,144,864,1440,0.0403333333333334,0.0403333333333334,0
principal_none_43632_V2H,144,864,1440,0,0,0
principal_none_43632_V2G,144,864,1440,0,0,0
principal_none_43633_V2H,144,864,1440,0.569666666666667,0.569666666666667,0
principal_none_43633_V2G,144,864,1440,0.569666666666667,0.569666666666667,0
principal_none_43635_V2H,144,864,1440,4.02366666666667,3,1.02366666666667
principal_none_43635_V2G,144,864,1440,4.02366666666667,3,1.02366666666667
principal_none_43636_V2H,144,864,1440,1.81966666666667,1.81966666666667,0
principal_none_43636_V2G,144,864,1440,1.81966666666667,1.81966666666667,0
principal_none_43637_V2H,144,864,1440,2.17016666666667,2.17016666666667,0
principal_none_43637_V2G,144,864,1440,2.17016666666667,2.17016666666667,0
principal_none_43638_V2H,144,864,1440,0,0,0
principal_none_43638_V2G,144,864,1440,0,0,0
principal_none_43640_V2H,144,864,1440,0.782666666666667,0.782666666666667,0
principal_none_43640_V2G,144,864,1440,0.782666666666667,0.782666666666667,0
principal_none_43641_V2H,144,864,1440,0,0,0
principal_none_43641_V2G,144,864,1440,0,0,0
principal_none_43642_V2H,144,864,1440,0.614,0.614,0
principal_none_43642_V2G,144,864,1440,0.614,0.614,0
principal_none_43643_V2H,144,864,1440,0,0,0
principal_none_43643_V2G,144,864,1440,0,0,0
principal_none_43644_V2H,144,864,1440,1.63483333333333,1.63483333333333,0
principal_none_43644_V2G,144,864,1440,1.63483333333333,1.63483333333333,0
principal_none_43646_V2H,144,864,1440,0.5175,0.5175,0
principal_none_43646_V2G,144,864,1440,0.5175,0.5175,0
principal_none_43647_V2H,144,864,1440,0.0178333333333333,0.0178333333333333,0
principal_none_43647_V2G,144,864,1440,0.0178333333333333,0.0178333333333333,0
principal_none_43648_V2H,144,864,1440,0,0,0
principal_none_43648_V2G,144,864,1440,0,0,0
principal_none_43649_V2H,144,864,1440,0,0,0
principal_none_43649_V2G,144,864,1440,0,0,0
principal_none_43651_V2H,144,864,1440,0,0,0
principal_none_43651_V2G,144,864,1440,0,0,0
principal_none_43652_V2H,144,864,1440,0,0,0
principal_none_43652_V2G,144,864,1440,0,0,0
principal_none_43653_V2H,144,864,1440,0.0593333333333333,0.0593333333333333,0
principal_none_43653_V2G,144,864,1440,0.0593333333333333,0.0593333333333333,0
principal_none_43654_V2H,144,864,1440,0,0,0
principal_none_43654_V2G,144,864,1440,0,0,0
principal_none_43655_V2H,144,864,1440,0,0,0
principal_none_43655_V2G,144,864,1440,0,0,0
principal_none_43657_V2H,144,864,1440,0,0,0
principal_none_43657_V2G,144,864,1440,0,0,0
principal_none_43658_V2H,144,864,1440,0,0,0
principal_none_43658_V2G,144,864,1440,0,0,0
principal_none_43659_V2H,144,864,1440,0,0,0
principal_none_43659_V2G,144,864,1440,0,0,0
principal_none_43660_V2H,144,864,1440,1.27733333333333,1.27733333333333,0
principal_none_43660_V2G,144,864,1440,1.27733333333333,1.27733333333333,0
principal_none_43662_V2H,144,864,1440,2.44516666666667,2.44516666666667,0
principal_none_43662_V2G,144,864,1440,2.44516666666667,2.44516666666667,0
principal_none_43663_V2H,144,864,1440,3.21716666666667,3,0.217166666666667
principal_none_43663_V2G,144,864,1440,3.21716666666667,3,0.217166666666667
principal_none_43664_V2H,144,864,1440,2.29016666666667,2.29016666666667,0
principal_none_43664_V2G,144,864,1440,2.29016666666667,2.29016666666667,0
principal_none_43665_V2H,144,864,1440,3.68716666666667,3,0.687166666666666
principal_none_43665_V2G,144,864,1440,3.68716666666667,3,0.687166666666666
principal_none_43666_V2H,144,864,1440,0.641833333333333,0.641833333333333,0
principal_none_43666_V2G,144,864,1440,0.641833333333333,0.641833333333333,0
principal_none_43668_V2H,144,864,1440,1.92566666666667,1.92566666666667,0
principal_none_43668_V2G,144,864,1440,1.92566666666667,1.92566666666667,0
principal_none_43669_V2H,144,864,1440,2.12866666666667,2.12866666666667,0
principal_none_43669_V2G,144,864,1440,2.12866666666667,2.12866666666667,0
principal_none_43670_V2H,144,864,1440,0.607666666666667,0.607666666666667,0
principal_none_43670_V2G,144,864,1440,0.607666666666667,0.607666666666667,0
principal_none_43671_V2H,144,864,1440,3.15166666666667,3,0.151666666666666
principal_none_43671_V2G,144,864,1440,3.15166666666667,3,0.151666666666666
principal_none_43673_V2H,144,864,1440,0.635166666666667,0.635166666666667,0
principal_none_43673_V2G,144,864,1440,0.635166666666667,0.635166666666667,0
principal_none_43674_V2H,144,864,1440,2.17933333333333,2.17933333333333,0
principal_none_43674_V2G,144,864,1440,2.17933333333333,2.17933333333333,0
principal_none_43675_V2H,144,864,1440,4.367,3,1.367
principal_none_43675_V2G,144,864,1440,4.367,3,1.367
principal_none_43676_V2H,144,864,1440,1.10033333333333,1.10033333333333,0
principal_none_43676_V2G,144,864,1440,1.10033333333333,1.10033333333333,0
principal_none_43678_V2H,144,864,1440,0.843,0.843,0
principal_none_43678_V2G,144,864,1440,0.843,0.843,0
principal_none_43679_V2H,144,864,1440,0.494,0.494,0
principal_none_43679_V2G,144,864,1440,0.494,0.494,0
principal_none_43680_V2H,144,864,1440,1.0025,1.0025,0
principal_none_43680_V2G,144,864,1440,1.0025,1.0025,0
principal_none_43681_V2H,144,864,1440,2.19816666666667,2.19816666666667,0
principal_none_43681_V2G,144,864,1440,2.19816666666667,2.19816666666667,0
principal_none_43682_V2H,144,864,1440,0.604,0.604,0
principal_none_43682_V2G,144,864,1440,0.604,0.604,0
principal_none_43684_V2H,144,864,1440,1.03783333333333,1.03783333333333,0
principal_none_43684_V2G,144,864,1440,1.03783333333333,1.03783333333333,0
principal_none_43685_V2H,144,864,1440,3.36916666666667,3,0.369166666666668
principal_none_43685_V2G,144,864,1440,3.36916666666667,3,0.369166666666668
principal_none_43686_V2H,144,864,1440,1.59683333333333,1.59683333333333,0
principal_none_43686_V2G,144,864,1440,1.59683333333333,1.59683333333333,0
principal_none_43687_V2H,144,864,1440,1.5845,1.5845,0
principal_none_43687_V2G,144,864,1440,1.5845,1.5845,0
principal_none_43689_V2H,144,864,1440,2.62533333333333,2.62533333333333,0
principal_none_43689_V2G,144,864,1440,2.62533333333333,2.62533333333333,0
principal_none_43690_V2H,144,864,1440,2.36283333333333,2.36283333333333,0
principal_none_43690_V2G,144,864,1440,2.36283333333333,2.36283333333333,0
principal_none_43691_V2H,144,864,1440,4.61583333333333,3,1.61583333333333
principal_none_43691_V2G,144,864,1440,4.61583333333333,3,1.61583333333333
principal_none_43692_V2H,144,864,1440,3.27866666666667,3,0.278666666666666
principal_none_43692_V2G,144,864,1440,3.27866666666667,3,0.278666666666666
principal_none_43693_V2H,144,864,1440,2.65433333333333,2.65433333333333,0
principal_none_43693_V2G,144,864,1440,2.65433333333333,2.65433333333333,0
principal_none_43695_V2H,144,864,1440,2.6005,2.6005,0
principal_none_43695_V2G,144,864,1440,2.6005,2.6005,0
principal_none_43696_V2H,144,864,1440,3.0105,3,0.0104999999999995
principal_none_43696_V2G,144,864,1440,3.0105,3,0.0104999999999995
principal_none_43697_V2H,144,864,1440,3.74066666666667,3,0.740666666666666
principal_none_43697_V2G,144,864,1440,3.74066666666667,3,0.740666666666666
principal_none_43698_V2H,144,864,1440,2.61283333333333,2.61283333333333,0
principal_none_43698_V2G,144,864,1440,2.61283333333333,2.61283333333333,0
principal_none_43700_V2H,144,864,1440,3.91283333333333,3,0.912833333333334
principal_none_43700_V2G,144,864,1440,3.91283333333333,3,0.912833333333334
principal_none_43701_V2H,144,864,1440,4.13716666666667,3,1.13716666666667
principal_none_43701_V2G,144,864,1440,4.13716666666667,3,1.13716666666667
principal_none_43702_V2H,144,864,1440,3.83233333333333,3,0.832333333333333
principal_none_43702_V2G,144,864,1440,3.83233333333333,3,0.832333333333333
principal_ge_43593_V2H,144,864,1440,1.89166666666667,1.89166666666667,0
principal_ge_43593_V2G,144,864,1440,1.89166666666667,1.89166666666667,0
principal_ge_43594_V2H,144,864,1440,0,0,0
principal_ge_43594_V2G,144,864,1440,0,0,0
principal_ge_43595_V2H,144,864,1440,0,0,0
principal_ge_43595_V2G,144,864,1440,0,0,0
principal_ge_43597_V2H,144,864,1440,0,0,0
principal_ge_43597_V2G,144,864,1440,0,0,0
principal_ge_43598_V2H,144,864,1440,0,0,0
principal_ge_43598_V2G,144,864,1440,0,0,0
principal_ge_43599_V2H,144,864,1440,0,0,0
principal_ge_43599_V2G,144,864,1440,0,0,0
principal_ge_43600_V2H,144,864,1440,0,0,0
principal_ge_43600_V2G,144,864,1440,0,0,0
principal_ge_43602_V2H,144,864,1440,0.326,0.326,0
principal_ge_43602_V2G,144,864,1440,0.326,0.326,0
principal_ge_43603_V2H,144,864,1440,0,0,0
principal_ge_43603_V2G,144,864,1440,0,0,0
principal_ge_43604_V2H,144,864,1440,0,0,0
principal_ge_43604_V2G,144,864,1440,0,0,0
principal_ge_43605_V2H,144,864,1440,0,0,0
principal_ge_43605_V2G,144,864,1440,0,0,0
principal_ge_43606_V2H,144,864,1440,0.186,0.186,0
principal_ge_43606_V2G,144,864,1440,0.186,0.186,0
principal_ge_43608_V2H,144,864,1440,0,0,0
principal_ge_43608_V2G,144,864,1440,0,0,0
principal_ge_43609_V2H,144,864,1440,0,0,0
principal_ge_43609_V2G,144,864,1440,0,0,0
principal_ge_43610_V2H,144,864,1440,0,0,0
principal_ge_43610_V2G,144,864,1440,0,0,0
principal_ge_43611_V2H,144,864,1440,0,0,0
principal_ge_43611_V2G,144,864,1440,0,0,0
principal_ge_43613_V2H,144,864,1440,0,0,0
principal_ge_43613_V2G,144,864,1440,0,0,0
principal_ge_43614_V2H,144,864,1440,0,0,0
principal_ge_43614_V2G,144,864,1440,0,0,0
principal_ge_43615_V2H,144,864,1440,0,0,0
principal_ge_43615_V2G,144,864,1440,0,0,0
principal_ge_43616_V2H,144,864,1440,0.262333333333333,0.262333333333333,0
principal_ge_43616_V2G,144,864,1440,0.262333333333333,0.262333333333333,0
principal_ge_43617_V2H,144,864,1440,0,0,0
principal_ge_43617_V2G,144,864,1440,0,0,0
principal_ge_43619_V2H,144,864,1440,2.71216666666667,2.71216666666667,0
principal_ge_43619_V2G,144,864,1440,2.71216666666667,2.71216666666667,0
principal_ge_43620_V2H,144,864,1440,3.45883333333333,3,0.458833333333333
principal_ge_43620_V2G,144,864,1440,3.45883333333333,3,0.458833333333333
principal_ge_43621_V2H,144,864,1440,3.858,3,0.858
principal_ge_43621_V2G,144,864,1440,3.858,3,0.858
principal_ge_43622_V2H,144,864,1440,0.649333333333333,0.649333333333333,0
principal_ge_43622_V2G,144,864,1440,0.649333333333333,0.649333333333333,0
principal_ge_43624_V2H,144,864,1440,0.426833333333333,0.426833333333333,0
principal_ge_43624_V2G,144,864,1440,0.426833333333333,0.426833333333333,0
principal_ge_43625_V2H,144,864,1440,1.04866666666667,1.04866666666667,0
principal_ge_43625_V2G,144,864,1440,1.04866666666667,1.04866666666667,0
principal_ge_43626_V2H,144,864,1440,0,0,0
principal_ge_43626_V2G,144,864,1440,0,0,0
principal_ge_43627_V2H,144,864,1440,0.697333333333333,0.697333333333333,0
principal_ge_43627_V2G,144,864,1440,0.697333333333333,0.697333333333333,0
principal_ge_43629_V2H,144,864,1440,3.68066666666666,3,0.680666666666665
principal_ge_43629_V2G,144,864,1440,3.68066666666666,3,0.680666666666665
principal_ge_43630_V2H,144,864,1440,1.21933333333333,1.21933333333333,0
principal_ge_43630_V2G,144,864,1440,1.21933333333333,1.21933333333333,0
principal_ge_43631_V2H,144,864,1440,0.0403333333333334,0.0403333333333334,0
principal_ge_43631_V2G,144,864,1440,0.0403333333333334,0.0403333333333334,0
principal_ge_43632_V2H,144,864,1440,0,0,0
principal_ge_43632_V2G,144,864,1440,0,0,0
principal_ge_43633_V2H,144,864,1440,0.569666666666667,0.569666666666667,0
principal_ge_43633_V2G,144,864,1440,0.569666666666667,0.569666666666667,0
principal_ge_43635_V2H,144,864,1440,4.02366666666667,3,1.02366666666667
principal_ge_43635_V2G,144,864,1440,4.02366666666667,3,1.02366666666667
principal_ge_43636_V2H,144,864,1440,1.81966666666667,1.81966666666667,0
principal_ge_43636_V2G,144,864,1440,1.81966666666667,1.81966666666667,0
principal_ge_43637_V2H,144,864,1440,2.17016666666667,2.17016666666667,0
principal_ge_43637_V2G,144,864,1440,2.17016666666667,2.17016666666667,0
principal_ge_43638_V2H,144,864,1440,0,0,0
principal_ge_43638_V2G,144,864,1440,0,0,0
principal_ge_43640_V2H,144,864,1440,0.782666666666667,0.782666666666667,0
principal_ge_43640_V2G,144,864,1440,0.782666666666667,0.782666666666667,0
principal_ge_43641_V2H,144,864,1440,0,0,0
principal_ge_43641_V2G,144,864,1440,0,0,0
principal_ge_43642_V2H,144,864,1440,0.614,0.614,0
principal_ge_43642_V2G,144,864,1440,0.614,0.614,0
principal_ge_43643_V2H,144,864,1440,0,0,0
principal_ge_43643_V2G,144,864,1440,0,0,0
principal_ge_43644_V2H,144,864,1440,1.63483333333333,1.63483333333333,0
principal_ge_43644_V2G,144,864,1440,1.63483333333333,1.63483333333333,0
principal_ge_43646_V2H,144,864,1440,0.5175,0.5175,0
principal_ge_43646_V2G,144,864,1440,0.5175,0.5175,0
principal_ge_43647_V2H,144,864,1440,0.0178333333333333,0.0178333333333333,0
principal_ge_43647_V2G,144,864,1440,0.0178333333333333,0.0178333333333333,0
principal_ge_43648_V2H,144,864,1440,0,0,0
principal_ge_43648_V2G,144,864,1440,0,0,0
principal_ge_43649_V2H,144,864,1440,0,0,0
principal_ge_43649_V2G,144,864,1440,0,0,0
principal_ge_43651_V2H,144,864,1440,0,0,0
principal_ge_43651_V2G,144,864,1440,0,0,0
principal_ge_43652_V2H,144,864,1440,0,0,0
principal_ge_43652_V2G,144,864,1440,0,0,0
principal_ge_43653_V2H,144,864,1440,0.0593333333333333,0.0593333333333333,0
principal_ge_43653_V2G,144,864,1440,0.0593333333333333,0.0593333333333333,0
principal_ge_43654_V2H,144,864,1440,0,0,0
principal_ge_43654_V2G,144,864,1440,0,0,0
principal_ge_43655_V2H,144,864,1440,0,0,0
principal_ge_43655_V2G,144,864,1440,0,0,0
principal_ge_43657_V2H,144,864,1440,0,0,0
principal_ge_43657_V2G,144,864,1440,0,0,0
principal_ge_43658_V2H,144,864,1440,0,0,0
principal_ge_43658_V2G,144,864,1440,0,0,0
principal_ge_43659_V2H,144,864,1440,0,0,0
principal_ge_43659_V2G,144,864,1440,0,0,0
principal_ge_43660_V2H,144,864,1440,1.27733333333333,1.27733333333333,0
principal_ge_43660_V2G,144,864,1440,1.27733333333333,1.27733333333333,0
principal_ge_43662_V2H,144,864,1440,2.44516666666667,2.44516666666667,0
principal_ge_43662_V2G,144,864,1440,2.44516666666667,2.44516666666667,0
principal_ge_43663_V2H,144,864,1440,3.21716666666667,3,0.217166666666667
principal_ge_43663_V2G,144,864,1440,3.21716666666667,3,0.217166666666667
principal_ge_43664_V2H,144,864,1440,2.29016666666667,2.29016666666667,0
principal_ge_43664_V2G,144,864,1440,2.29016666666667,2.29016666666667,0
principal_ge_43665_V2H,144,864,1440,3.68716666666667,3,0.687166666666666
principal_ge_43665_V2G,144,864,1440,3.68716666666667,3,0.687166666666666
principal_ge_43666_V2H,144,864,1440,0.641833333333333,0.641833333333333,0
principal_ge_43666_V2G,144,864,1440,0.641833333333333,0.641833333333333,0
principal_ge_43668_V2H,144,864,1440,1.92566666666667,1.92566666666667,0
principal_ge_43668_V2G,144,864,1440,1.92566666666667,1.92566666666667,0
principal_ge_43669_V2H,144,864,1440,2.12866666666667,2.12866666666667,0
principal_ge_43669_V2G,144,864,1440,2.12866666666667,2.12866666666667,0
principal_ge_43670_V2H,144,864,1440,0.607666666666667,0.607666666666667,0
principal_ge_43670_V2G,144,864,1440,0.607666666666667,0.607666666666667,0
principal_ge_43671_V2H,144,864,1440,3.15166666666667,3,0.151666666666666
principal_ge_43671_V2G,144,864,1440,3.15166666666667,3,0.151666666666666
principal_ge_43673_V2H,144,864,1440,0.635166666666667,0.635166666666667,0
principal_ge_43673_V2G,144,864,1440,0.635166666666667,0.635166666666667,0
principal_ge_43674_V2H,144,864,1440,2.17933333333333,2.17933333333333,0
principal_ge_43674_V2G,144,864,1440,2.17933333333333,2.17933333333333,0
principal_ge_43675_V2H,144,864,1440,4.367,3,1.367
principal_ge_43675_V2G,144,864,1440,4.367,3,1.367
principal_ge_43676_V2H,144,864,1440,1.10033333333333,1.10033333333333,0
principal_ge_43676_V2G,144,864,1440,1.10033333333333,1.10033333333333,0
principal_ge_43678_V2H,144,864,1440,0.843,0.843,0
principal_ge_43678_V2G,144,864,1440,0.843,0.843,0
principal_ge_43679_V2H,144,864,1440,0.494,0.494,0
principal_ge_43679_V2G,144,864,1440,0.494,0.494,0
principal_ge_43680_V2H,144,864,1440,1.0025,1.0025,0
principal_ge_43680_V2G,144,864,1440,1.0025,1.0025,0
principal_ge_43681_V2H,144,864,1440,2.19816666666667,2.19816666666667,0
principal_ge_43681_V2G,144,864,1440,2.19816666666667,2.19816666666667,0
principal_ge_43682_V2H,144,864,1440,0.604,0.604,0
principal_ge_43682_V2G,144,864,1440,0.604,0.604,0
principal_ge_43684_V2H,144,864,1440,1.03783333333333,1.03783333333333,0
principal_ge_43684_V2G,144,864,1440,1.03783333333333,1.03783333333333,0
principal_ge_43685_V2H,144,864,1440,3.36916666666667,3,0.369166666666668
principal_ge_43685_V2G,144,864,1440,3.36916666666667,3,0.369166666666668
principal_ge_43686_V2H,144,864,1440,1.59683333333333,1.59683333333333,0
principal_ge_43686_V2G,144,864,1440,1.59683333333333,1.59683333333333,0
principal_ge_43687_V2H,144,864,1440,1.5845,1.5845,0
principal_ge_43687_V2G,144,864,1440,1.5845,1.5845,0
principal_ge_43689_V2H,144,864,1440,2.62533333333333,2.62533333333333,0
principal_ge_43689_V2G,144,864,1440,2.62533333333333,2.62533333333333,0
principal_ge_43690_V2H,144,864,1440,2.36283333333333,2.36283333333333,0
principal_ge_43690_V2G,144,864,1440,2.36283333333333,2.36283333333333,0
principal_ge_43691_V2H,144,864,1440,4.61583333333333,3,1.61583333333333
principal_ge_43691_V2G,144,864,1440,4.61583333333333,3,1.61583333333333
principal_ge_43692_V2H,144,864,1440,3.27866666666667,3,0.278666666666666
principal_ge_43692_V2G,144,864,1440,3.27866666666667,3,0.278666666666666
principal_ge_43693_V2H,144,864,1440,2.65433333333333,2.65433333333333,0
principal_ge_43693_V2G,144,864,1440,2.65433333333333,2.65433333333333,0
principal_ge_43695_V2H,144,864,1440,2.6005,2.6005,0
principal_ge_43695_V2G,144,864,1440,2.6005,2.6005,0
principal_ge_43696_V2H,144,864,1440,3.0105,3,0.0104999999999995
principal_ge_43696_V2G,144,864,1440,3.0105,3,0.0104999999999995
principal_ge_43697_V2H,144,864,1440,3.74066666666667,3,0.740666666666666
principal_ge_43697_V2G,144,864,1440,3.74066666666667,3,0.740666666666666
principal_ge_43698_V2H,144,864,1440,2.61283333333333,2.61283333333333,0
principal_ge_43698_V2G,144,864,1440,2.61283333333333,2.61283333333333,0
principal_ge_43700_V2H,144,864,1440,3.91283333333333,3,0.912833333333334
principal_ge_43700_V2G,144,864,1440,3.91283333333333,3,0.912833333333334
principal_ge_43701_V2H,144,864,1440,4.13716666666667,3,1.13716666666667
principal_ge_43701_V2G,144,864,1440,4.13716666666667,3,1.13716666666667
principal_ge_43702_V2H,144,864,1440,3.83233333333333,3,0.832333333333333
principal_ge_43702_V2G,144,864,1440,3.83233333333333,3,0.832333333333333
equality_43593_V2H,144,864,1440,1.89166666666667,1.89166666666667,0
equality_43593_V2G,144,864,1440,1.89166666666667,1.89166666666667,0
equality_43598_V2H,144,864,1440,0,0,0
equality_43598_V2G,144,864,1440,0,0,0
equality_43599_V2G,144,864,1440,0,0,0
equality_43604_V2G,144,864,1440,0,0,0
equality_43610_V2G,144,864,1440,0,0,0
equality_43616_V2G,144,864,1440,0.262333333333333,0.262333333333333,0
equality_43621_V2H,144,864,1440,3.858,3,0.858
equality_43621_V2G,144,864,1440,3.858,3,0.858
equality_43627_V2G,144,864,1440,0.697333333333333,0.697333333333333,0
equality_43633_V2H,144,864,1440,0.569666666666667,0.569666666666667,0
equality_43633_V2G,144,864,1440,0.569666666666667,0.569666666666667,0
equality_43638_V2H,144,864,1440,0,0,0
equality_43638_V2G,144,864,1440,0,0,0
equality_43644_V2G,144,864,1440,1.63483333333333,1.63483333333333,0
equality_43651_V2G,144,864,1440,0,0,0
equality_43657_V2H,144,864,1440,0,0,0
equality_43657_V2G,144,864,1440,0,0,0
equality_43662_V2G,144,864,1440,2.44516666666667,2.44516666666667,0
equality_43668_V2H,144,864,1440,1.92566666666667,1.92566666666667,0
equality_43668_V2G,144,864,1440,1.92566666666667,1.92566666666667,0
equality_43674_V2G,144,864,1440,2.17933333333333,2.17933333333333,0
equality_43679_V2H,144,864,1440,0.494,0.494,0
equality_43679_V2G,144,864,1440,0.494,0.494,0
equality_43685_V2H,144,864,1440,3.36916666666667,3,0.369166666666668
equality_43685_V2G,144,864,1440,3.36916666666667,3,0.369166666666668
equality_43691_V2H,144,864,1440,4.61583333333333,3,1.61583333333333
equality_43691_V2G,144,864,1440,4.61583333333333,3,1.61583333333333
equality_43696_V2H,144,864,1440,3.0105,3,0.0104999999999995
equality_43696_V2G,144,864,1440,3.0105,3,0.0104999999999995
equality_43702_V2H,144,864,1440,3.83233333333333,3,0.832333333333333
equality_43702_V2G,144,864,1440,3.83233333333333,3,0.832333333333333
tariff_none_s0.7500_p0.00000000_V2H,144,864,1440,0,0,0
tariff_none_s0.7500_p0.00000000_V2G,144,864,1440,0,0,0
tariff_none_s0.7500_p0.01000000_V2H,144,864,1440,0,0,0
tariff_none_s0.7500_p0.01000000_V2G,144,864,1440,0,0,0
tariff_none_s0.7500_p0.02000000_V2H,144,864,1440,0,0,0
tariff_none_s0.7500_p0.02000000_V2G,144,864,1440,0,0,0
tariff_none_s0.7500_p0.01500000_V2H,144,864,1440,0,0,0
tariff_none_s0.7500_p0.01500000_V2G,144,864,1440,0,0,0
tariff_none_s0.7500_p0.01250000_V2H,144,864,1440,0,0,0
tariff_none_s0.7500_p0.01250000_V2G,144,864,1440,0,0,0
tariff_none_s0.7500_p0.01125000_V2H,144,864,1440,0,0,0
tariff_none_s0.7500_p0.01125000_V2G,144,864,1440,0,0,0
tariff_none_s0.7500_p0.01062500_V2H,144,864,1440,0,0,0
tariff_none_s0.7500_p0.01062500_V2G,144,864,1440,0,0,0
tariff_none_s0.7500_p0.01093750_V2H,144,864,1440,0,0,0
tariff_none_s0.7500_p0.01093750_V2G,144,864,1440,0,0,0
tariff_none_s0.7500_p0.01109375_V2H,144,864,1440,0,0,0
tariff_none_s0.7500_p0.01109375_V2G,144,864,1440,0,0,0
tariff_none_s0.7500_p0.01101562_V2H,144,864,1440,0,0,0
tariff_none_s0.7500_p0.01101562_V2G,144,864,1440,0,0,0
tariff_none_s1.0000_p0.00000000_V2H,144,864,1440,0,0,0
tariff_none_s1.0000_p0.00000000_V2G,144,864,1440,0,0,0
tariff_none_s1.0000_p0.01000000_V2H,144,864,1440,0,0,0
tariff_none_s1.0000_p0.01000000_V2G,144,864,1440,0,0,0
tariff_none_s1.0000_p0.02000000_V2H,144,864,1440,0,0,0
tariff_none_s1.0000_p0.02000000_V2G,144,864,1440,0,0,0
tariff_none_s1.0000_p0.01500000_V2H,144,864,1440,0,0,0
tariff_none_s1.0000_p0.01500000_V2G,144,864,1440,0,0,0
tariff_none_s1.0000_p0.01250000_V2H,144,864,1440,0,0,0
tariff_none_s1.0000_p0.01250000_V2G,144,864,1440,0,0,0
tariff_none_s1.0000_p0.01125000_V2H,144,864,1440,0,0,0
tariff_none_s1.0000_p0.01125000_V2G,144,864,1440,0,0,0
tariff_none_s1.0000_p0.01062500_V2H,144,864,1440,0,0,0
tariff_none_s1.0000_p0.01062500_V2G,144,864,1440,0,0,0
tariff_none_s1.0000_p0.01093750_V2H,144,864,1440,0,0,0
tariff_none_s1.0000_p0.01093750_V2G,144,864,1440,0,0,0
tariff_none_s1.0000_p0.01109375_V2H,144,864,1440,0,0,0
tariff_none_s1.0000_p0.01109375_V2G,144,864,1440,0,0,0
tariff_none_s1.0000_p0.01101562_V2H,144,864,1440,0,0,0
tariff_none_s1.0000_p0.01101562_V2G,144,864,1440,0,0,0
tariff_none_s1.2500_p0.00000000_V2H,144,864,1440,0,0,0
tariff_none_s1.2500_p0.00000000_V2G,144,864,1440,0,0,0
tariff_none_s1.2500_p0.01000000_V2H,144,864,1440,0,0,0
tariff_none_s1.2500_p0.01000000_V2G,144,864,1440,0,0,0
tariff_none_s1.2500_p0.02000000_V2H,144,864,1440,0,0,0
tariff_none_s1.2500_p0.02000000_V2G,144,864,1440,0,0,0
tariff_none_s1.2500_p0.01500000_V2H,144,864,1440,0,0,0
tariff_none_s1.2500_p0.01500000_V2G,144,864,1440,0,0,0
tariff_none_s1.2500_p0.01250000_V2H,144,864,1440,0,0,0
tariff_none_s1.2500_p0.01250000_V2G,144,864,1440,0,0,0
tariff_none_s1.2500_p0.01125000_V2H,144,864,1440,0,0,0
tariff_none_s1.2500_p0.01125000_V2G,144,864,1440,0,0,0
tariff_none_s1.2500_p0.01062500_V2H,144,864,1440,0,0,0
tariff_none_s1.2500_p0.01062500_V2G,144,864,1440,0,0,0
tariff_none_s1.2500_p0.01093750_V2H,144,864,1440,0,0,0
tariff_none_s1.2500_p0.01093750_V2G,144,864,1440,0,0,0
tariff_none_s1.2500_p0.01109375_V2H,144,864,1440,0,0,0
tariff_none_s1.2500_p0.01109375_V2G,144,864,1440,0,0,0
tariff_none_s1.2500_p0.01101562_V2H,144,864,1440,0,0,0
tariff_none_s1.2500_p0.01101562_V2G,144,864,1440,0,0,0
tariff_ge_s0.7500_p0.00000000_V2H,144,864,1440,0,0,0
tariff_ge_s0.7500_p0.00000000_V2G,144,864,1440,0,0,0
tariff_ge_s0.7500_p0.01000000_V2H,144,864,1440,0,0,0
tariff_ge_s0.7500_p0.01000000_V2G,144,864,1440,0,0,0
tariff_ge_s0.7500_p0.02000000_V2H,144,864,1440,0,0,0
tariff_ge_s0.7500_p0.02000000_V2G,144,864,1440,0,0,0
tariff_ge_s0.7500_p0.03000000_V2H,144,864,1440,0,0,0
tariff_ge_s0.7500_p0.03000000_V2G,144,864,1440,0,0,0
tariff_ge_s0.7500_p0.04000000_V2H,144,864,1440,0,0,0
tariff_ge_s0.7500_p0.04000000_V2G,144,864,1440,0,0,0
tariff_ge_s0.7500_p0.05000000_V2H,144,864,1440,0,0,0
tariff_ge_s0.7500_p0.05000000_V2G,144,864,1440,0,0,0
tariff_ge_s0.7500_p0.06000000_V2H,144,864,1440,0,0,0
tariff_ge_s0.7500_p0.06000000_V2G,144,864,1440,0,0,0
tariff_ge_s0.7500_p0.05500000_V2H,144,864,1440,0,0,0
tariff_ge_s0.7500_p0.05500000_V2G,144,864,1440,0,0,0
tariff_ge_s0.7500_p0.05750000_V2H,144,864,1440,0,0,0
tariff_ge_s0.7500_p0.05750000_V2G,144,864,1440,0,0,0
tariff_ge_s0.7500_p0.05625000_V2H,144,864,1440,0,0,0
tariff_ge_s0.7500_p0.05625000_V2G,144,864,1440,0,0,0
tariff_ge_s0.7500_p0.05687500_V2H,144,864,1440,0,0,0
tariff_ge_s0.7500_p0.05687500_V2G,144,864,1440,0,0,0
tariff_ge_s0.7500_p0.05718750_V2H,144,864,1440,0,0,0
tariff_ge_s0.7500_p0.05718750_V2G,144,864,1440,0,0,0
tariff_ge_s0.7500_p0.05734375_V2H,144,864,1440,0,0,0
tariff_ge_s0.7500_p0.05734375_V2G,144,864,1440,0,0,0
tariff_ge_s0.7500_p0.05726563_V2H,144,864,1440,0,0,0
tariff_ge_s0.7500_p0.05726563_V2G,144,864,1440,0,0,0
tariff_ge_s1.0000_p0.00000000_V2H,144,864,1440,0,0,0
tariff_ge_s1.0000_p0.00000000_V2G,144,864,1440,0,0,0
tariff_ge_s1.0000_p0.01000000_V2H,144,864,1440,0,0,0
tariff_ge_s1.0000_p0.01000000_V2G,144,864,1440,0,0,0
tariff_ge_s1.0000_p0.02000000_V2H,144,864,1440,0,0,0
tariff_ge_s1.0000_p0.02000000_V2G,144,864,1440,0,0,0
tariff_ge_s1.0000_p0.03000000_V2H,144,864,1440,0,0,0
tariff_ge_s1.0000_p0.03000000_V2G,144,864,1440,0,0,0
tariff_ge_s1.0000_p0.04000000_V2H,144,864,1440,0,0,0
tariff_ge_s1.0000_p0.04000000_V2G,144,864,1440,0,0,0
tariff_ge_s1.0000_p0.05000000_V2H,144,864,1440,0,0,0
tariff_ge_s1.0000_p0.05000000_V2G,144,864,1440,0,0,0
tariff_ge_s1.0000_p0.06000000_V2H,144,864,1440,0,0,0
tariff_ge_s1.0000_p0.06000000_V2G,144,864,1440,0,0,0
tariff_ge_s1.0000_p0.07000000_V2H,144,864,1440,0,0,0
tariff_ge_s1.0000_p0.07000000_V2G,144,864,1440,0,0,0
tariff_ge_s1.0000_p0.08000000_V2H,144,864,1440,0,0,0
tariff_ge_s1.0000_p0.08000000_V2G,144,864,1440,0,0,0
tariff_ge_s1.0000_p0.07500000_V2H,144,864,1440,0,0,0
tariff_ge_s1.0000_p0.07500000_V2G,144,864,1440,0,0,0
tariff_ge_s1.0000_p0.07250000_V2H_strict,144,864,1440,0,0,0
tariff_ge_s1.0000_p0.07250000_V2G_strict,144,864,1440,0,0,0
tariff_ge_s1.0000_p0.07125000_V2H_strict,144,864,1440,0,0,0
tariff_ge_s1.0000_p0.07125000_V2G_strict,144,864,1440,0,0,0
tariff_ge_s1.0000_p0.07187500_V2H_strict,144,864,1440,0,0,0
tariff_ge_s1.0000_p0.07187500_V2G_strict,144,864,1440,0,0,0
tariff_ge_s1.0000_p0.07218750_V2H_strict,144,864,1440,0,0,0
tariff_ge_s1.0000_p0.07218750_V2G_strict,144,864,1440,0,0,0
tariff_ge_s1.0000_p0.07203125_V2H_strict,144,864,1440,0,0,0
tariff_ge_s1.0000_p0.07203125_V2G_strict,144,864,1440,0,0,0
tariff_ge_s1.0000_p0.07195312_V2H_strict,144,864,1440,0,0,0
tariff_ge_s1.0000_p0.07195312_V2G_strict,144,864,1440,0,0,0
tariff_ge_s1.2500_p0.00000000_V2H,144,864,1440,0,0,0
tariff_ge_s1.2500_p0.00000000_V2G,144,864,1440,0,0,0
tariff_ge_s1.2500_p0.01000000_V2H,144,864,1440,0,0,0
tariff_ge_s1.2500_p0.01000000_V2G,144,864,1440,0,0,0
tariff_ge_s1.2500_p0.02000000_V2H,144,864,1440,0,0,0
tariff_ge_s1.2500_p0.02000000_V2G,144,864,1440,0,0,0
tariff_ge_s1.2500_p0.03000000_V2H,144,864,1440,0,0,0
tariff_ge_s1.2500_p0.03000000_V2G,144,864,1440,0,0,0
tariff_ge_s1.2500_p0.04000000_V2H,144,864,1440,0,0,0
tariff_ge_s1.2500_p0.04000000_V2G,144,864,1440,0,0,0
tariff_ge_s1.2500_p0.05000000_V2H,144,864,1440,0,0,0
tariff_ge_s1.2500_p0.05000000_V2G,144,864,1440,0,0,0
tariff_ge_s1.2500_p0.06000000_V2H,144,864,1440,0,0,0
tariff_ge_s1.2500_p0.06000000_V2G,144,864,1440,0,0,0
tariff_ge_s1.2500_p0.07000000_V2H,144,864,1440,0,0,0
tariff_ge_s1.2500_p0.07000000_V2G,144,864,1440,0,0,0
tariff_ge_s1.2500_p0.08000000_V2H,144,864,1440,0,0,0
tariff_ge_s1.2500_p0.08000000_V2G,144,864,1440,0,0,0
tariff_ge_s1.2500_p0.09000000_V2H,144,864,1440,0,0,0
tariff_ge_s1.2500_p0.09000000_V2G,144,864,1440,0,0,0
tariff_ge_s1.2500_p0.08500000_V2H_strict,144,864,1440,0,0,0
tariff_ge_s1.2500_p0.08500000_V2G_strict,144,864,1440,0,0,0
tariff_ge_s1.2500_p0.08750000_V2H_strict,144,864,1440,0,0,0
tariff_ge_s1.2500_p0.08750000_V2G_strict,144,864,1440,0,0,0
tariff_ge_s1.2500_p0.08625000_V2H_strict,144,864,1440,0,0,0
tariff_ge_s1.2500_p0.08625000_V2G_strict,144,864,1440,0,0,0
tariff_ge_s1.2500_p0.08687500_V2H_strict,144,864,1440,0,0,0
tariff_ge_s1.2500_p0.08687500_V2G_strict,144,864,1440,0,0,0
tariff_ge_s1.2500_p0.08656250_V2H_strict,144,864,1440,0,0,0
tariff_ge_s1.2500_p0.08656250_V2G_strict,144,864,1440,0,0,0
tariff_ge_s1.2500_p0.08671875_V2H_strict,144,864,1440,0,0,0
tariff_ge_s1.2500_p0.08671875_V2G_strict,144,864,1440,0,0,0
tariff_ge_s1.2500_p0.08664062_V2H_strict,144,864,1440,0,0,0
tariff_ge_s1.2500_p0.08664062_V2G_strict,144,864,1440,0,0,0
