DayID,CalendarDate,TerminalMode,OldValidPair,V2HCost_GBP,V2GCost_GBP,Saving_GBP,SavingLowerBound_GBP,SavingUpperBound_GBP,CertifiedPositive,V2HSourceMAT,V2GSourceMAT
43593,2014-06-14,none,1,0.526257131400806,0.0439490980675138,0.482308033333292,0.482308033333291,0.482308033333292,1,PROJECT_ROOT\Round2_revision\runs_certified\principal_none_43593_V2H.mat,PROJECT_ROOT\Round2_revision\runs_certified\principal_none_43593_V2G.mat
43594,2014-06-15,none,1,0.543604096112219,0.0616335794454684,0.481970516666751,0.481970516666751,0.481970516666751,1,PROJECT_ROOT\Round2_revision\runs_certified\principal_none_43594_V2H.mat,PROJECT_ROOT\Round2_revision\runs_certified\principal_none_43594_V2G.mat
43595,2014-06-16,none,1,0.491140079416515,-0.0630764372501378,0.554216516666653,0.554216516666653,0.554216516666652,1,PROJECT_ROOT\Round2_revision\runs_certified\principal_none_43595_V2H.mat,PROJECT_ROOT\Round2_revision\runs_certified\principal_none_43595_V2G.mat
43597,2014-06-18,none,1,0.273575800433207,-0.288292766233579,0.561868566666786,0.561868566666786,0.561868566666786,1,PROJECT_ROOT\Round2_revision\runs_certified\principal_none_43597_V2H.mat,PROJECT_ROOT\Round2_revision\runs_certified\principal_none_43597_V2G.mat
43598,2014-06-19,none,1,0.565097409934248,0.104905659934338,0.46019174999991,0.46019174999991,0.46019174999991,1,PROJECT_ROOT\Round2_revision\runs_certified\principal_none_43598_V2H.mat,PROJECT_ROOT\Round2_revision\runs_certified\principal_none_43598_V2G.mat
43599,2014-06-20,none,1,0.291222783766566,-0.302106049566804,0.59332883333337,0.59332883333337,0.59332883333337,1,PROJECT_ROOT\Round2_revision\runs_certified\principal_none_43599_V2H.mat,PROJECT_ROOT\Round2_revision\runs_certified\principal_none_43599_V2G.mat
43600,2014-06-21,none,1,-0.0508317884506437,-0.536331955117364,0.48550016666672,0.48550016666672,0.48550016666672,1,PROJECT_ROOT\Round2_revision\runs_certified\principal_none_43600_V2H.mat,PROJECT_ROOT\Round2_revision\runs_certified\principal_none_43600_V2G.mat
43602,2014-06-23,none,1,0.213477186502154,-0.338989013497853,0.552466200000007,0.552466199999971,0.552466200000006,1,PROJECT_ROOT\Round2_revision\runs_certified\principal_none_43602_V2H.mat,PROJECT_ROOT\Round2_revision\runs_certified\principal_none_43602_V2G.mat
43603,2014-06-24,none,1,0.270342490727558,-0.277677759272422,0.54802024999998,0.54802024999997,0.548020249999979,1,PROJECT_ROOT\Round2_revision\runs_certified\principal_none_43603_V2H.mat,PROJECT_ROOT\Round2_revision\runs_certified\principal_none_43603_V2G.mat
43604,2014-06-25,none,1,0.143788513442218,-0.445025586557841,0.58881410000006,0.58881410000006,0.58881410000006,1,PROJECT_ROOT\Round2_revision\runs_certified\principal_none_43604_V2H.mat,PROJECT_ROOT\Round2_revision\runs_certified\principal_none_43604_V2G.mat
43605,2014-06-26,none,1,0.205065477339024,-0.258578439327751,0.463643916666775,0.463643916666775,0.463643916666775,1,PROJECT_ROOT\Round2_revision\runs_certified\principal_none_43605_V2H.mat,PROJECT_ROOT\Round2_revision\runs_certified\principal_none_43605_V2G.mat
43606,2014-06-27,none,1,0.242342237495804,-0.346915712504101,0.589257949999905,0.589257949999905,0.589257949999905,1,PROJECT_ROOT\Round2_revision\runs_certified\principal_none_43606_V2H.mat,PROJECT_ROOT\Round2_revision\runs_certified\principal_none_43606_V2G.mat
43608,2014-06-29,none,1,0.300701981091434,-0.231788002241644,0.532489983333078,0.532489983333078,0.532489983333078,1,PROJECT_ROOT\Round2_revision\runs_certified\principal_none_43608_V2H.mat,PROJECT_ROOT\Round2_revision\runs_certified\principal_none_43608_V2G.mat
43609,2014-06-30,none,1,0.198132385845392,-0.360957214154608,0.5590896,0.5590896,0.559089600000001,1,PROJECT_ROOT\Round2_revision\runs_certified\principal_none_43609_V2H.mat,PROJECT_ROOT\Round2_revision\runs_certified\principal_none_43609_V2G.mat
43610,2014-07-01,none,1,0.221944710395258,-0.333638922938135,0.555583633333393,0.555583633333392,0.555583633333392,1,PROJECT_ROOT\Round2_revision\runs_certified\principal_none_43610_V2H.mat,PROJECT_ROOT\Round2_revision\runs_certified\principal_none_43610_V2G.mat
43611,2014-07-02,none,1,0.0116443559630046,-0.547092427370379,0.558736783333384,0.558736783333384,0.558736783333384,1,PROJECT_ROOT\Round2_revision\runs_certified\principal_none_43611_V2H.mat,PROJECT_ROOT\Round2_revision\runs_certified\principal_none_43611_V2G.mat
43613,2014-07-04,none,1,-0.097513973815305,-0.698646294802926,0.60113232098762,0.601132320987621,0.60113232098762,1,PROJECT_ROOT\Round2_revision\runs_certified\principal_none_43613_V2H.mat,PROJECT_ROOT\Round2_revision\runs_certified\principal_none_43613_V2G.mat
43614,2014-07-05,none,1,0.437254065900748,-0.0609787674325803,0.498232833333328,0.498232833333328,0.498232833333328,1,PROJECT_ROOT\Round2_revision\runs_certified\principal_none_43614_V2H.mat,PROJECT_ROOT\Round2_revision\runs_certified\principal_none_43614_V2G.mat
43615,2014-07-06,none,1,0.258349283848656,-0.277296966151271,0.535646249999926,0.535646249999926,0.535646249999926,1,PROJECT_ROOT\Round2_revision\runs_certified\principal_none_43615_V2H.mat,PROJECT_ROOT\Round2_revision\runs_certified\principal_none_43615_V2G.mat
43616,2014-07-07,none,1,0.0597806230452897,-0.498192626954702,0.557973249999992,0.557973249999992,0.557973249999991,1,PROJECT_ROOT\Round2_revision\runs_certified\principal_none_43616_V2H.mat,PROJECT_ROOT\Round2_revision\runs_certified\principal_none_43616_V2G.mat
43617,2014-07-08,none,1,0.31374821021063,-0.241808523122853,0.555556733333483,0.555556733333483,0.555556733333482,1,PROJECT_ROOT\Round2_revision\runs_certified\principal_none_43617_V2H.mat,PROJECT_ROOT\Round2_revision\runs_certified\principal_none_43617_V2G.mat
43619,2014-07-10,none,1,1.00493287922905,0.541203779228913,0.463729100000141,0.463729100000141,0.463729100000141,1,PROJECT_ROOT\Round2_revision\runs_certified\principal_none_43619_V2H.mat,PROJECT_ROOT\Round2_revision\runs_certified\principal_none_43619_V2G.mat
43620,2014-07-11,none,0,1.44753148319916,0.926532283199176,0.520999199999984,0.520999199999985,0.520999199999984,1,PROJECT_ROOT\Round2_revision\runs_certified\principal_none_43620_V2H.mat,PROJECT_ROOT\Round2_revision\runs_certified\principal_none_43620_V2G.mat
43621,2014-07-12,none,0,1.26445600833396,0.905479156482111,0.35897685185185,0.35897685185185,0.358976851851849,1,PROJECT_ROOT\Round2_revision\runs_certified\principal_none_43621_V2H.mat,PROJECT_ROOT\Round2_revision\runs_certified\principal_none_43621_V2G.mat
43622,2014-07-13,none,1,1.28018936577685,0.857531717217217,0.422657648559633,0.422657648559633,0.422657648559633,1,PROJECT_ROOT\Round2_revision\runs_certified\principal_none_43622_V2H.mat,PROJECT_ROOT\Round2_revision\runs_certified\principal_none_43622_V2G.mat
43624,2014-07-15,none,1,0.72951966462137,0.213824247954659,0.515695416666711,0.515695416666706,0.515695416666711,1,PROJECT_ROOT\Round2_revision\runs_certified\principal_none_43624_V2H.mat,PROJECT_ROOT\Round2_revision\runs_certified\principal_none_43624_V2G.mat
43625,2014-07-16,none,1,0.461806965341082,-0.0752111846588037,0.537018149999886,0.537018149999885,0.537018149999886,1,PROJECT_ROOT\Round2_revision\runs_certified\principal_none_43625_V2H.mat,PROJECT_ROOT\Round2_revision\runs_certified\principal_none_43625_V2G.mat
43626,2014-07-17,none,1,0.4263226493109,-0.0147118173557349,0.441034466666635,0.441034466666635,0.441034466666635,1,PROJECT_ROOT\Round2_revision\runs_certified\principal_none_43626_V2H.mat,PROJECT_ROOT\Round2_revision\runs_certified\principal_none_43626_V2G.mat
43627,2014-07-18,none,1,0.133734952282442,-0.409905081050436,0.543640033332878,0.543640033332878,0.543640033332877,1,PROJECT_ROOT\Round2_revision\runs_certified\principal_none_43627_V2H.mat,PROJECT_ROOT\Round2_revision\runs_certified\principal_none_43627_V2G.mat
43629,2014-07-20,none,0,1.18167947129633,0.797345721296922,0.384333749999409,0.384333749999409,0.384333749999414,1,PROJECT_ROOT\Round2_revision\runs_certified\principal_none_43629_V2H.mat,PROJECT_ROOT\Round2_revision\runs_certified\principal_none_43629_V2G.mat
43630,2014-07-21,none,1,0.654020412411703,0.208368962411794,0.445651449999909,0.445651449999909,0.445651449999909,1,PROJECT_ROOT\Round2_revision\runs_certified\principal_none_43630_V2H.mat,PROJECT_ROOT\Round2_revision\runs_certified\principal_none_43630_V2G.mat
43631,2014-07-22,none,1,0.498433965184637,-0.0168259348150317,0.515259899999669,0.515259899999669,0.515259899999669,1,PROJECT_ROOT\Round2_revision\runs_certified\principal_none_43631_V2H.mat,PROJECT_ROOT\Round2_revision\runs_certified\principal_none_43631_V2G.mat
43632,2014-07-23,none,1,0.368545467099857,-0.145701832900141,0.514247299999998,0.514247299999998,0.514247299999998,1,PROJECT_ROOT\Round2_revision\runs_certified\principal_none_43632_V2H.mat,PROJECT_ROOT\Round2_revision\runs_certified\principal_none_43632_V2G.mat
43633,2014-07-24,none,1,0.327924187981067,-0.1087524786856,0.436676666666667,0.436676666666667,0.436676666666666,1,PROJECT_ROOT\Round2_revision\runs_certified\principal_none_43633_V2H.mat,PROJECT_ROOT\Round2_revision\runs_certified\principal_none_43633_V2G.mat
43635,2014-07-26,none,0,0.951966845186379,0.534963045186508,0.417003799999872,0.417003799999871,0.417003799999872,1,PROJECT_ROOT\Round2_revision\runs_certified\principal_none_43635_V2H.mat,PROJECT_ROOT\Round2_revision\runs_certified\principal_none_43635_V2G.mat
43636,2014-07-27,none,1,1.21146034115066,0.773443157817362,0.438017183333297,0.438017183333297,0.438017183333295,1,PROJECT_ROOT\Round2_revision\runs_certified\principal_none_43636_V2H.mat,PROJECT_ROOT\Round2_revision\runs_certified\principal_none_43636_V2G.mat
43637,2014-07-28,none,1,1.21026150751636,0.728971190849549,0.481290316666807,0.481290316666808,0.481290316666807,1,PROJECT_ROOT\Round2_revision\runs_certified\principal_none_43637_V2H.mat,PROJECT_ROOT\Round2_revision\runs_certified\principal_none_43637_V2G.mat
43638,2014-07-29,none,1,0.598417156029669,0.0877206560296872,0.510696499999981,0.510696499999982,0.51069649999998,1,PROJECT_ROOT\Round2_revision\runs_certified\principal_none_43638_V2H.mat,PROJECT_ROOT\Round2_revision\runs_certified\principal_none_43638_V2G.mat
43640,2014-07-31,none,1,0.150493715891957,-0.312603234107903,0.46309694999986,0.463096949999741,0.463096949999859,1,PROJECT_ROOT\Round2_revision\runs_certified\principal_none_43640_V2H.mat,PROJECT_ROOT\Round2_revision\runs_certified\principal_none_43640_V2G.mat
43641,2014-08-01,none,1,0.480326250433122,-0.0962079995668895,0.576534250000012,0.576534250000012,0.576534250000012,1,PROJECT_ROOT\Round2_revision\runs_certified\principal_none_43641_V2H.mat,PROJECT_ROOT\Round2_revision\runs_certified\principal_none_43641_V2G.mat
43642,2014-08-02,none,1,0.327236564801131,-0.163543341988412,0.490779906789544,0.490779906789544,0.490779906789544,1,PROJECT_ROOT\Round2_revision\runs_certified\principal_none_43642_V2H.mat,PROJECT_ROOT\Round2_revision\runs_certified\principal_none_43642_V2G.mat
43643,2014-08-03,none,1,0.134996404855086,-0.365640183622288,0.500636588477374,0.500636588477374,0.500636588477374,1,PROJECT_ROOT\Round2_revision\runs_certified\principal_none_43643_V2H.mat,PROJECT_ROOT\Round2_revision\runs_certified\principal_none_43643_V2G.mat
43644,2014-08-04,none,1,0.246701167880451,-0.30717879878637,0.553879966666821,0.553879966666821,0.553879966666821,1,PROJECT_ROOT\Round2_revision\runs_certified\principal_none_43644_V2H.mat,PROJECT_ROOT\Round2_revision\runs_certified\principal_none_43644_V2G.mat
43646,2014-08-06,none,1,0.273644277459426,-0.312282555873916,0.585926833333342,0.585926833333302,0.585926833333342,1,PROJECT_ROOT\Round2_revision\runs_certified\principal_none_43646_V2H.mat,PROJECT_ROOT\Round2_revision\runs_certified\principal_none_43646_V2G.mat
43647,2014-08-07,none,1,0.563605506186542,0.0994235895198445,0.464181916666697,0.464181916666698,0.464181916666697,1,PROJECT_ROOT\Round2_revision\runs_certified\principal_none_43647_V2H.mat,PROJECT_ROOT\Round2_revision\runs_certified\principal_none_43647_V2G.mat
43648,2014-08-08,none,1,0.468178367099961,-0.120626517262319,0.58880488436228,0.588804884362279,0.58880488436228,1,PROJECT_ROOT\Round2_revision\runs_certified\principal_none_43648_V2H.mat,PROJECT_ROOT\Round2_revision\runs_certified\principal_none_43648_V2G.mat
43649,2014-08-09,none,1,0.00939223177108382,-0.483091341685489,0.492483573456573,0.492483573456573,0.492483573456824,1,PROJECT_ROOT\Round2_revision\runs_certified\principal_none_43649_V2H.mat,PROJECT_ROOT\Round2_revision\runs_certified\principal_none_43649_V2G.mat
43651,2014-08-11,none,1,0.208022195633019,-0.353509087700337,0.561531283333355,0.561531283333356,0.561531283333356,1,PROJECT_ROOT\Round2_revision\runs_certified\principal_none_43651_V2H.mat,PROJECT_ROOT\Round2_revision\runs_certified\principal_none_43651_V2G.mat
43652,2014-08-12,none,1,0.165152395338727,-0.390933371327941,0.556085766666668,0.556085766666668,0.556085766666668,1,PROJECT_ROOT\Round2_revision\runs_certified\principal_none_43652_V2H.mat,PROJECT_ROOT\Round2_revision\runs_certified\principal_none_43652_V2G.mat
43653,2014-08-13,none,1,0.157909396267869,-0.430160470398857,0.588069866666726,0.588069866666726,0.588069866666726,1,PROJECT_ROOT\Round2_revision\runs_certified\principal_none_43653_V2H.mat,PROJECT_ROOT\Round2_revision\runs_certified\principal_none_43653_V2G.mat
43654,2014-08-14,none,1,0.491126780868386,0.029182047535044,0.461944733333342,0.461944733333342,0.461944733333341,1,PROJECT_ROOT\Round2_revision\runs_certified\principal_none_43654_V2H.mat,PROJECT_ROOT\Round2_revision\runs_certified\principal_none_43654_V2G.mat
43655,2014-08-15,none,1,0.244694565796878,-0.343887784203136,0.588582350000014,0.588582349999997,0.588582350000015,1,PROJECT_ROOT\Round2_revision\runs_certified\principal_none_43655_V2H.mat,PROJECT_ROOT\Round2_revision\runs_certified\principal_none_43655_V2G.mat
43657,2014-08-17,none,1,0.256273420702498,-0.267605998639234,0.523879419341732,0.523879419341732,0.523879419341732,1,PROJECT_ROOT\Round2_revision\runs_certified\principal_none_43657_V2H.mat,PROJECT_ROOT\Round2_revision\runs_certified\principal_none_43657_V2G.mat
43658,2014-08-18,none,1,0.296215251900267,-0.255088181433121,0.551303433333387,0.551303433333387,0.551303433333387,1,PROJECT_ROOT\Round2_revision\runs_certified\principal_none_43658_V2H.mat,PROJECT_ROOT\Round2_revision\runs_certified\principal_none_43658_V2G.mat
43659,2014-08-19,none,1,0.142333977200352,-0.411770156132938,0.55410413333329,0.55410413333329,0.55410413333329,1,PROJECT_ROOT\Round2_revision\runs_certified\principal_none_43659_V2H.mat,PROJECT_ROOT\Round2_revision\runs_certified\principal_none_43659_V2G.mat
43660,2014-08-20,none,1,0.336356098489913,-0.252175551510111,0.588531650000024,0.588531650000024,0.588531650000027,1,PROJECT_ROOT\Round2_revision\runs_certified\principal_none_43660_V2H.mat,PROJECT_ROOT\Round2_revision\runs_certified\principal_none_43660_V2G.mat
43662,2014-08-22,none,1,0.854822869497164,0.323023319496976,0.531799550000188,0.531799550000188,0.531799550000188,1,PROJECT_ROOT\Round2_revision\runs_certified\principal_none_43662_V2H.mat,PROJECT_ROOT\Round2_revision\runs_certified\principal_none_43662_V2G.mat
43663,2014-08-23,none,0,1.35207183999872,0.923729689999054,0.428342149999667,0.428342149999665,0.428342149999667,1,PROJECT_ROOT\Round2_revision\runs_certified\principal_none_43663_V2H.mat,PROJECT_ROOT\Round2_revision\runs_certified\principal_none_43663_V2G.mat
43664,2014-08-24,none,1,1.05954646433489,0.627788014335018,0.431758449999874,0.431758449999874,0.431758449999874,1,PROJECT_ROOT\Round2_revision\runs_certified\principal_none_43664_V2H.mat,PROJECT_ROOT\Round2_revision\runs_certified\principal_none_43664_V2G.mat
43665,2014-08-25,none,0,1.37369706797287,0.94777591797286,0.425921150000013,0.425921150000013,0.425921150000013,1,PROJECT_ROOT\Round2_revision\runs_certified\principal_none_43665_V2H.mat,PROJECT_ROOT\Round2_revision\runs_certified\principal_none_43665_V2G.mat
43666,2014-08-26,none,1,1.23566962137225,0.746815921372331,0.488853699999921,0.488853699999921,0.488853699999921,1,PROJECT_ROOT\Round2_revision\runs_certified\principal_none_43666_V2H.mat,PROJECT_ROOT\Round2_revision\runs_certified\principal_none_43666_V2G.mat
43668,2014-08-28,none,1,1.55725881939006,1.12914980272348,0.428109016666577,0.428109016666577,0.428109016666576,1,PROJECT_ROOT\Round2_revision\runs_certified\principal_none_43668_V2H.mat,PROJECT_ROOT\Round2_revision\runs_certified\principal_none_43668_V2G.mat
43669,2014-08-29,none,1,0.950580374795419,0.433300568828219,0.5172798059672,0.517279805967201,0.517279805967201,1,PROJECT_ROOT\Round2_revision\runs_certified\principal_none_43669_V2H.mat,PROJECT_ROOT\Round2_revision\runs_certified\principal_none_43669_V2G.mat
43670,2014-08-30,none,1,0.927932822469151,0.487257022469262,0.440675799999889,0.440675799999887,0.44067579999989,1,PROJECT_ROOT\Round2_revision\runs_certified\principal_none_43670_V2H.mat,PROJECT_ROOT\Round2_revision\runs_certified\principal_none_43670_V2G.mat
43671,2014-08-31,none,0,1.24565322335439,0.737894156687825,0.507759066666563,0.507759066666562,0.507759066666564,1,PROJECT_ROOT\Round2_revision\runs_certified\principal_none_43671_V2H.mat,PROJECT_ROOT\Round2_revision\runs_certified\principal_none_43671_V2G.mat
43673,2014-09-02,none,1,0.86991390542104,0.356451188754631,0.513462716666409,0.513462716666409,0.51346271666641,1,PROJECT_ROOT\Round2_revision\runs_certified\principal_none_43673_V2H.mat,PROJECT_ROOT\Round2_revision\runs_certified\principal_none_43673_V2G.mat
43674,2014-09-03,none,1,0.511136167926633,-0.0225060320734897,0.533642200000123,0.533642200000122,0.533642200000123,1,PROJECT_ROOT\Round2_revision\runs_certified\principal_none_43674_V2H.mat,PROJECT_ROOT\Round2_revision\runs_certified\principal_none_43674_V2G.mat
43675,2014-09-04,none,0,1.55076714317167,1.09779355983834,0.452973583333339,0.452973583333329,0.452973583333339,1,PROJECT_ROOT\Round2_revision\runs_certified\principal_none_43675_V2H.mat,PROJECT_ROOT\Round2_revision\runs_certified\principal_none_43675_V2G.mat
43676,2014-09-05,none,1,1.21458620612575,0.730677622792566,0.483908583333187,0.483908583333186,0.483908583333187,1,PROJECT_ROOT\Round2_revision\runs_certified\principal_none_43676_V2H.mat,PROJECT_ROOT\Round2_revision\runs_certified\principal_none_43676_V2G.mat
43678,2014-09-07,none,1,0.676013307649431,0.171426650859271,0.504586656790161,0.504586656790161,0.504586656790162,1,PROJECT_ROOT\Round2_revision\runs_certified\principal_none_43678_V2H.mat,PROJECT_ROOT\Round2_revision\runs_certified\principal_none_43678_V2G.mat
43679,2014-09-08,none,1,0.362388183600155,-0.133508833066812,0.495897016666967,0.495897016666967,0.495897016666967,1,PROJECT_ROOT\Round2_revision\runs_certified\principal_none_43679_V2H.mat,PROJECT_ROOT\Round2_revision\runs_certified\principal_none_43679_V2G.mat
43680,2014-09-09,none,1,0.48545998437593,-0.0357588989576148,0.521218883333545,0.521218883333545,0.521218883333545,1,PROJECT_ROOT\Round2_revision\runs_certified\principal_none_43680_V2H.mat,PROJECT_ROOT\Round2_revision\runs_certified\principal_none_43680_V2G.mat
43681,2014-09-10,none,1,0.805107863586684,0.260239396920098,0.544868466666586,0.544868466666587,0.544868466666586,1,PROJECT_ROOT\Round2_revision\runs_certified\principal_none_43681_V2H.mat,PROJECT_ROOT\Round2_revision\runs_certified\principal_none_43681_V2G.mat
43682,2014-09-11,none,1,1.18594775533664,0.734902005336718,0.451045749999918,0.451045749999918,0.451045749999918,1,PROJECT_ROOT\Round2_revision\runs_certified\principal_none_43682_V2H.mat,PROJECT_ROOT\Round2_revision\runs_certified\principal_none_43682_V2G.mat
43684,2014-09-13,none,1,0.924743681212672,0.472375347878995,0.452368333333677,0.452368333333677,0.452368333333678,1,PROJECT_ROOT\Round2_revision\runs_certified\principal_none_43684_V2H.mat,PROJECT_ROOT\Round2_revision\runs_certified\principal_none_43684_V2G.mat
43685,2014-09-14,none,0,0.923731236934634,0.429166261831863,0.494564975102771,0.494564975102759,0.494564975102771,1,PROJECT_ROOT\Round2_revision\runs_certified\principal_none_43685_V2H.mat,PROJECT_ROOT\Round2_revision\runs_certified\principal_none_43685_V2G.mat
43686,2014-09-15,none,1,0.893592176520428,0.437094693187106,0.456497483333322,0.456497483333322,0.456497483333322,1,PROJECT_ROOT\Round2_revision\runs_certified\principal_none_43686_V2H.mat,PROJECT_ROOT\Round2_revision\runs_certified\principal_none_43686_V2G.mat
43687,2014-09-16,none,1,0.66830947466595,0.159034191332759,0.509275283333191,0.509275283333191,0.509275283333192,1,PROJECT_ROOT\Round2_revision\runs_certified\principal_none_43687_V2H.mat,PROJECT_ROOT\Round2_revision\runs_certified\principal_none_43687_V2G.mat
43689,2014-09-18,none,1,1.29297566829699,0.843956384963614,0.449019283333377,0.449019283333376,0.449019283333377,1,PROJECT_ROOT\Round2_revision\runs_certified\principal_none_43689_V2H.mat,PROJECT_ROOT\Round2_revision\runs_certified\principal_none_43689_V2G.mat
43690,2014-09-19,none,1,1.09494279045489,0.56489174045487,0.530051050000022,0.530051050000022,0.530051050000021,1,PROJECT_ROOT\Round2_revision\runs_certified\principal_none_43690_V2H.mat,PROJECT_ROOT\Round2_revision\runs_certified\principal_none_43690_V2G.mat
43691,2014-09-20,none,0,1.53863335418665,1.09155535418685,0.447077999999807,0.447077999999806,0.447077999999807,1,PROJECT_ROOT\Round2_revision\runs_certified\principal_none_43691_V2H.mat,PROJECT_ROOT\Round2_revision\runs_certified\principal_none_43691_V2G.mat
43692,2014-09-21,none,0,1.00766854639965,0.609822029733105,0.397846516666549,0.397846516666548,0.397846516666548,1,PROJECT_ROOT\Round2_revision\runs_certified\principal_none_43692_V2H.mat,PROJECT_ROOT\Round2_revision\runs_certified\principal_none_43692_V2G.mat
43693,2014-09-22,none,1,0.700556371180789,0.238024321180732,0.462532050000058,0.462532050000058,0.462532050000057,1,PROJECT_ROOT\Round2_revision\runs_certified\principal_none_43693_V2H.mat,PROJECT_ROOT\Round2_revision\runs_certified\principal_none_43693_V2G.mat
43695,2014-09-24,none,1,0.7156895845927,0.203370117926621,0.512319466666079,0.512319466666078,0.512319466666078,1,PROJECT_ROOT\Round2_revision\runs_certified\principal_none_43695_V2H.mat,PROJECT_ROOT\Round2_revision\runs_certified\principal_none_43695_V2G.mat
43696,2014-09-25,none,0,1.44880392129705,1.01015907129702,0.438644850000033,0.438644850000033,0.438644850000034,1,PROJECT_ROOT\Round2_revision\runs_certified\principal_none_43696_V2H.mat,PROJECT_ROOT\Round2_revision\runs_certified\principal_none_43696_V2G.mat
43697,2014-09-26,none,0,1.29835710874567,0.792583308745512,0.505773800000161,0.505773800000161,0.505773800000161,1,PROJECT_ROOT\Round2_revision\runs_certified\principal_none_43697_V2H.mat,PROJECT_ROOT\Round2_revision\runs_certified\principal_none_43697_V2G.mat
43698,2014-09-27,none,1,1.57369937178215,1.14604765511537,0.427651716666781,0.427651716666781,0.427651716666782,1,PROJECT_ROOT\Round2_revision\runs_certified\principal_none_43698_V2H.mat,PROJECT_ROOT\Round2_revision\runs_certified\principal_none_43698_V2G.mat
43700,2014-09-29,none,0,1.33417483463932,0.85606320130617,0.47811163333315,0.47811163333315,0.47811163333315,1,PROJECT_ROOT\Round2_revision\runs_certified\principal_none_43700_V2H.mat,PROJECT_ROOT\Round2_revision\runs_certified\principal_none_43700_V2G.mat
43701,2014-09-30,none,0,1.27124758796323,0.797372704630234,0.473874883332998,0.473874883332997,0.473874883332997,1,PROJECT_ROOT\Round2_revision\runs_certified\principal_none_43701_V2H.mat,PROJECT_ROOT\Round2_revision\runs_certified\principal_none_43701_V2G.mat
43702,2014-10-01,none,0,0.987801404629889,0.527919004630249,0.45988239999964,0.459882399999638,0.45988239999964,1,PROJECT_ROOT\Round2_revision\runs_certified\principal_none_43702_V2H.mat,PROJECT_ROOT\Round2_revision\runs_certified\principal_none_43702_V2G.mat
43593,2014-06-14,ge,1,0.624939333458676,0.624939333458349,3.27182725357034e-13,3.27404769961959e-13,3.27071703054571e-13,0,PROJECT_ROOT\Round2_revision\runs_certified\principal_ge_43593_V2H.mat,PROJECT_ROOT\Round2_revision\runs_certified\principal_ge_43593_V2G.mat
43594,2014-06-15,ge,1,0.638371598375706,0.638100106605955,0.000271491769751497,0.000271491769751497,0.000271491769751386,1,PROJECT_ROOT\Round2_revision\runs_certified\principal_ge_43594_V2H.mat,PROJECT_ROOT\Round2_revision\runs_certified\principal_ge_43594_V2G.mat
43595,2014-06-16,ge,1,0.491140079416515,0.463849729416455,0.0272903500000601,0.0272903500000601,0.0272903500000614,1,PROJECT_ROOT\Round2_revision\runs_certified\principal_ge_43595_V2H.mat,PROJECT_ROOT\Round2_revision\runs_certified\principal_ge_43595_V2G.mat
43597,2014-06-18,ge,1,0.273575800433221,0.238633400433189,0.0349424000000314,0.0349424000000318,0.0349424000999635,1,PROJECT_ROOT\Round2_revision\runs_certified\principal_ge_43597_V2H.mat,PROJECT_ROOT\Round2_revision\runs_certified\principal_ge_43597_V2G.mat
43598,2014-06-19,ge,1,0.716298022897188,0.71629802289717,1.83186799063151e-14,1.79856129989275e-14,1.89848137210902e-14,0,PROJECT_ROOT\Round2_revision\runs_certified\principal_ge_43598_V2H.mat,PROJECT_ROOT\Round2_revision\runs_certified\principal_ge_43598_V2G.mat
43599,2014-06-20,ge,1,0.291222783766561,0.224820117099825,0.0664026666667353,0.0664026666667351,0.0664026666667354,1,PROJECT_ROOT\Round2_revision\runs_certified\principal_ge_43599_V2H.mat,PROJECT_ROOT\Round2_revision\runs_certified\principal_ge_43599_V2G.mat
43600,2014-06-21,ge,1,0.0421161304043628,0.042116130404222,1.40727707265142e-13,1.4061668496268e-13,1.4077627952247e-13,0,PROJECT_ROOT\Round2_revision\runs_certified\principal_ge_43600_V2H.mat,PROJECT_ROOT\Round2_revision\runs_certified\principal_ge_43600_V2G.mat
43602,2014-06-23,ge,1,0.213477186502154,0.187937153168798,0.0255400333333561,0.025540033333326,0.0255400333333557,1,PROJECT_ROOT\Round2_revision\runs_certified\principal_ge_43602_V2H.mat,PROJECT_ROOT\Round2_revision\runs_certified\principal_ge_43602_V2G.mat
43603,2014-06-24,ge,1,0.270342490727558,0.249248407394169,0.0210940833333888,0.0210940833333787,0.0210940833333885,1,PROJECT_ROOT\Round2_revision\runs_certified\principal_ge_43603_V2H.mat,PROJECT_ROOT\Round2_revision\runs_certified\principal_ge_43603_V2G.mat
43604,2014-06-25,ge,1,0.143788513442218,0.0819005801088823,0.0618879333333358,0.0618879333333358,0.0618879333333358,1,PROJECT_ROOT\Round2_revision\runs_certified\principal_ge_43604_V2H.mat,PROJECT_ROOT\Round2_revision\runs_certified\principal_ge_43604_V2G.mat
43605,2014-06-26,ge,1,0.348352461357397,0.348352461357324,7.2997163869104e-14,7.34967642301854e-14,7.26640969617165e-14,0,PROJECT_ROOT\Round2_revision\runs_certified\principal_ge_43605_V2H.mat,PROJECT_ROOT\Round2_revision\runs_certified\principal_ge_43605_V2G.mat
43606,2014-06-27,ge,1,0.242342237495897,0.180010454162548,0.0623317833333489,0.0623317833333286,0.0623317833333485,1,PROJECT_ROOT\Round2_revision\runs_certified\principal_ge_43606_V2H.mat,PROJECT_ROOT\Round2_revision\runs_certified\principal_ge_43606_V2G.mat
43608,2014-06-29,ge,1,0.300701981091435,0.295138164425061,0.00556381666637396,0.00556381666637401,0.00556381666637357,1,PROJECT_ROOT\Round2_revision\runs_certified\principal_ge_43608_V2H.mat,PROJECT_ROOT\Round2_revision\runs_certified\principal_ge_43608_V2G.mat
43609,2014-06-30,ge,1,0.198132385845394,0.165968952512042,0.032163433333352,0.0321634333333519,0.032163433333352,1,PROJECT_ROOT\Round2_revision\runs_certified\principal_ge_43609_V2H.mat,PROJECT_ROOT\Round2_revision\runs_certified\principal_ge_43609_V2G.mat
43610,2014-07-01,ge,1,0.221944710395258,0.193287243728499,0.0286574666667586,0.0286574666667584,0.0286574666667588,1,PROJECT_ROOT\Round2_revision\runs_certified\principal_ge_43610_V2H.mat,PROJECT_ROOT\Round2_revision\runs_certified\principal_ge_43610_V2G.mat
43611,2014-07-02,ge,1,0.0116443559629941,-0.0201662607036818,0.0318106166666759,0.0318106166666757,0.0318106166666759,1,PROJECT_ROOT\Round2_revision\runs_certified\principal_ge_43611_V2H.mat,PROJECT_ROOT\Round2_revision\runs_certified\principal_ge_43611_V2G.mat
43613,2014-07-04,ge,1,-0.0975139738153002,-0.171720128136463,0.0742061543211627,0.0742061543211628,0.0742061543211622,1,PROJECT_ROOT\Round2_revision\runs_certified\principal_ge_43613_V2H.mat,PROJECT_ROOT\Round2_revision\runs_certified\principal_ge_43613_V2G.mat
43614,2014-07-05,ge,1,0.502083514262072,0.502083514262075,-3.5527136788005e-15,-3.21964677141295e-14,3.44169137633799e-14,0,PROJECT_ROOT\Round2_revision\runs_certified\principal_ge_43614_V2H.mat,PROJECT_ROOT\Round2_revision\runs_certified\principal_ge_43614_V2G.mat
43615,2014-07-06,ge,1,0.258349283848563,0.249629200515369,0.00872008333319388,0.00872008333319382,0.00872008333319402,1,PROJECT_ROOT\Round2_revision\runs_certified\principal_ge_43615_V2H.mat,PROJECT_ROOT\Round2_revision\runs_certified\principal_ge_43615_V2G.mat
43616,2014-07-07,ge,1,0.0597806230452594,0.0287335397118526,0.0310470833334069,0.031047083333407,0.031047083333407,1,PROJECT_ROOT\Round2_revision\runs_certified\principal_ge_43616_V2H.mat,PROJECT_ROOT\Round2_revision\runs_certified\principal_ge_43616_V2G.mat
43617,2014-07-08,ge,1,0.31374821021063,0.285117643543822,0.028630566666808,0.028630566666808,0.0286305666668077,1,PROJECT_ROOT\Round2_revision\runs_certified\principal_ge_43617_V2H.mat,PROJECT_ROOT\Round2_revision\runs_certified\principal_ge_43617_V2G.mat
43619,2014-07-10,ge,1,1.14833895947602,1.14833895947575,2.72670774847938e-13,2.72448730243013e-13,2.72892819452863e-13,0,PROJECT_ROOT\Round2_revision\runs_certified\principal_ge_43619_V2H.mat,PROJECT_ROOT\Round2_revision\runs_certified\principal_ge_43619_V2G.mat
43620,2014-07-11,ge,0,1.45610244986568,1.45610244986571,-2.97539770599542e-14,-2.97539770599542e-14,-2.97539770599542e-14,0,PROJECT_ROOT\Round2_revision\runs_certified\principal_ge_43620_V2H.mat,PROJECT_ROOT\Round2_revision\runs_certified\principal_ge_43620_V2G.mat
43621,2014-07-12,ge,0,1.65836547500055,1.65824358981518,0.000121885185377479,0.000121885185376813,0.000121885185377923,1,PROJECT_ROOT\Round2_revision\runs_certified\principal_ge_43621_V2H.mat,PROJECT_ROOT\Round2_revision\runs_certified\principal_ge_43621_V2G.mat
43622,2014-07-13,ge,1,1.50652353141482,1.50640211618824,0.000121415226585153,0.000121415226585597,0.000121415226584931,1,PROJECT_ROOT\Round2_revision\runs_certified\principal_ge_43622_V2H.mat,PROJECT_ROOT\Round2_revision\runs_certified\principal_ge_43622_V2G.mat
43624,2014-07-15,ge,1,0.74576041462141,0.745760414621255,1.54876111935209e-13,1.54876111935209e-13,1.54432022725359e-13,0,PROJECT_ROOT\Round2_revision\runs_certified\principal_ge_43624_V2H.mat,PROJECT_ROOT\Round2_revision\runs_certified\principal_ge_43624_V2G.mat
43625,2014-07-16,ge,1,0.461806965341086,0.451714982007671,0.0100919833334155,0.0100919833334163,0.0100919833334157,1,PROJECT_ROOT\Round2_revision\runs_certified\principal_ge_43625_V2H.mat,PROJECT_ROOT\Round2_revision\runs_certified\principal_ge_43625_V2G.mat
43626,2014-07-17,ge,1,0.615890298282154,0.615890298282082,7.28306304154103e-14,7.23865412055602e-14,7.27196081129478e-14,0,PROJECT_ROOT\Round2_revision\runs_certified\principal_ge_43626_V2H.mat,PROJECT_ROOT\Round2_revision\runs_certified\principal_ge_43626_V2G.mat
43627,2014-07-18,ge,1,0.133734952282799,0.11702108561622,0.0167138666665788,0.0167138666665789,0.0167138666665788,1,PROJECT_ROOT\Round2_revision\runs_certified\principal_ge_43627_V2H.mat,PROJECT_ROOT\Round2_revision\runs_certified\principal_ge_43627_V2G.mat
43629,2014-07-20,ge,0,1.49564889125518,1.49564889125571,-5.28466159721575e-13,-5.28244115116649e-13,-5.28244115116649e-13,0,PROJECT_ROOT\Round2_revision\runs_certified\principal_ge_43629_V2H.mat,PROJECT_ROOT\Round2_revision\runs_certified\principal_ge_43629_V2G.mat
43630,2014-07-21,ge,1,0.831398739367192,0.831125247597192,0.000273491769999357,0.000273491769999246,0.000273491769999024,1,PROJECT_ROOT\Round2_revision\runs_certified\principal_ge_43630_V2H.mat,PROJECT_ROOT\Round2_revision\runs_certified\principal_ge_43630_V2G.mat
43631,2014-07-22,ge,1,0.517687621152109,0.517175735966841,0.000511885185267791,0.000511885185267902,0.000511885185267902,1,PROJECT_ROOT\Round2_revision\runs_certified\principal_ge_43631_V2H.mat,PROJECT_ROOT\Round2_revision\runs_certified\principal_ge_43631_V2G.mat
43632,2014-07-23,ge,1,0.387343221009419,0.387343221008996,4.22828438928491e-13,4.23272528138341e-13,4.22051282811253e-13,0,PROJECT_ROOT\Round2_revision\runs_certified\principal_ge_43632_V2H.mat,PROJECT_ROOT\Round2_revision\runs_certified\principal_ge_43632_V2G.mat
43633,2014-07-24,ge,1,0.525666794359628,0.525666794359626,1.99840144432528e-15,3.21964677141295e-15,1.11022302462516e-15,0,PROJECT_ROOT\Round2_revision\runs_certified\principal_ge_43633_V2H.mat,PROJECT_ROOT\Round2_revision\runs_certified\principal_ge_43633_V2G.mat
43635,2014-07-26,ge,0,1.19438099662672,1.19438099662678,-5.75095526755831e-14,-5.72875080706581e-14,-5.72875080706581e-14,0,PROJECT_ROOT\Round2_revision\runs_certified\principal_ge_43635_V2H.mat,PROJECT_ROOT\Round2_revision\runs_certified\principal_ge_43635_V2G.mat
43636,2014-07-27,ge,1,1.40633741131527,1.40633741131508,1.91846538655227e-13,1.92068583260152e-13,1.90514271025677e-13,0,PROJECT_ROOT\Round2_revision\runs_certified\principal_ge_43636_V2H.mat,PROJECT_ROOT\Round2_revision\runs_certified\principal_ge_43636_V2G.mat
43637,2014-07-28,ge,1,1.30543877150835,1.30543877150777,5.78870285039557e-13,5.79536418854332e-13,5.79092329644482e-13,0,PROJECT_ROOT\Round2_revision\runs_certified\principal_ge_43637_V2H.mat,PROJECT_ROOT\Round2_revision\runs_certified\principal_ge_43637_V2G.mat
43638,2014-07-29,ge,1,0.626734327017541,0.626734327017175,3.66262575823839e-13,3.66373598126302e-13,3.67705865755852e-13,0,PROJECT_ROOT\Round2_revision\runs_certified\principal_ge_43638_V2H.mat,PROJECT_ROOT\Round2_revision\runs_certified\principal_ge_43638_V2G.mat
43640,2014-07-31,ge,1,0.29517722515138,0.295177225151272,1.08024700296028e-13,-9.10382880192628e-15,1.08024700296028e-13,0,PROJECT_ROOT\Round2_revision\runs_certified\principal_ge_43640_V2H.mat,PROJECT_ROOT\Round2_revision\runs_certified\principal_ge_43640_V2G.mat
43641,2014-08-01,ge,1,0.480326250433122,0.430718167099686,0.0496080833334365,0.0496080833334367,0.0496080833334361,1,PROJECT_ROOT\Round2_revision\runs_certified\principal_ge_43641_V2H.mat,PROJECT_ROOT\Round2_revision\runs_certified\principal_ge_43641_V2G.mat
43642,2014-08-02,ge,1,0.408386355748067,0.408311765624683,7.45901233842328e-05,7.45901233843438e-05,7.45901233842328e-05,1,PROJECT_ROOT\Round2_revision\runs_certified\principal_ge_43642_V2H.mat,PROJECT_ROOT\Round2_revision\runs_certified\principal_ge_43642_V2G.mat
43643,2014-08-03,ge,1,0.18007449662455,0.179984141480561,9.03551439885297e-05,9.03551439672134e-05,9.0355143988613e-05,1,PROJECT_ROOT\Round2_revision\runs_certified\principal_ge_43643_V2H.mat,PROJECT_ROOT\Round2_revision\runs_certified\principal_ge_43643_V2G.mat
43644,2014-08-04,ge,1,0.246701167880447,0.219747367880442,0.0269538000000052,0.0269538000000056,0.0269538000000048,1,PROJECT_ROOT\Round2_revision\runs_certified\principal_ge_43644_V2H.mat,PROJECT_ROOT\Round2_revision\runs_certified\principal_ge_43644_V2G.mat
43646,2014-08-06,ge,1,0.273644277459426,0.21464361079276,0.0590006666666657,0.0590006666666257,0.0590006666666655,1,PROJECT_ROOT\Round2_revision\runs_certified\principal_ge_43646_V2H.mat,PROJECT_ROOT\Round2_revision\runs_certified\principal_ge_43646_V2G.mat
43647,2014-08-07,ge,1,0.705626427585744,0.705626427585675,6.86117829218347e-14,6.77236045021345e-14,6.80566714095221e-14,0,PROJECT_ROOT\Round2_revision\runs_certified\principal_ge_43647_V2H.mat,PROJECT_ROOT\Round2_revision\runs_certified\principal_ge_43647_V2G.mat
43648,2014-08-08,ge,1,0.468178367099859,0.406299649404302,0.0618787176955575,0.0618787176955577,0.0618787176955576,1,PROJECT_ROOT\Round2_revision\runs_certified\principal_ge_43648_V2H.mat,PROJECT_ROOT\Round2_revision\runs_certified\principal_ge_43648_V2G.mat
43649,2014-08-09,ge,1,0.0871011455065231,0.0870265553829607,7.45901235623542e-05,7.45901235625623e-05,7.45901235622709e-05,1,PROJECT_ROOT\Round2_revision\runs_certified\principal_ge_43649_V2H.mat,PROJECT_ROOT\Round2_revision\runs_certified\principal_ge_43649_V2G.mat
43651,2014-08-11,ge,1,0.208022195633019,0.173417078966311,0.0346051166667077,0.0346051166667078,0.0346051166667075,1,PROJECT_ROOT\Round2_revision\runs_certified\principal_ge_43651_V2H.mat,PROJECT_ROOT\Round2_revision\runs_certified\principal_ge_43651_V2G.mat
43652,2014-08-12,ge,1,0.165152395338685,0.135992795338609,0.0291596000000766,0.0291596000000763,0.0291596000000768,1,PROJECT_ROOT\Round2_revision\runs_certified\principal_ge_43652_V2H.mat,PROJECT_ROOT\Round2_revision\runs_certified\principal_ge_43652_V2G.mat
43653,2014-08-13,ge,1,0.157909396267814,0.0967656962677931,0.0611437000000206,0.0611437000000017,0.0611437000000224,1,PROJECT_ROOT\Round2_revision\runs_certified\principal_ge_43653_V2H.mat,PROJECT_ROOT\Round2_revision\runs_certified\principal_ge_43653_V2G.mat
43654,2014-08-14,ge,1,0.638063051033002,0.638063051032952,5.04041253179821e-14,7.88258347483861e-15,5.02931030155196e-14,0,PROJECT_ROOT\Round2_revision\runs_certified\principal_ge_43654_V2H.mat,PROJECT_ROOT\Round2_revision\runs_certified\principal_ge_43654_V2G.mat
43655,2014-08-15,ge,1,0.244694565796955,0.183038382463526,0.0616561833334291,0.0616561833334293,0.0616561833334291,1,PROJECT_ROOT\Round2_revision\runs_certified\principal_ge_43655_V2H.mat,PROJECT_ROOT\Round2_revision\runs_certified\principal_ge_43655_V2G.mat
43657,2014-08-17,ge,1,0.26106772420024,0.260953721525268,0.00011400267497258,0.000114002674973079,0.000114002674971914,1,PROJECT_ROOT\Round2_revision\runs_certified\principal_ge_43657_V2H.mat,PROJECT_ROOT\Round2_revision\runs_certified\principal_ge_43657_V2G.mat
43658,2014-08-18,ge,1,0.29621525190033,0.271837985233648,0.0243772666666815,0.0243772666666816,0.0243772666666817,1,PROJECT_ROOT\Round2_revision\runs_certified\principal_ge_43658_V2H.mat,PROJECT_ROOT\Round2_revision\runs_certified\principal_ge_43658_V2G.mat
43659,2014-08-19,ge,1,0.14233397720031,0.115156010533621,0.0271779666666887,0.027177966666689,0.0271779666666886,1,PROJECT_ROOT\Round2_revision\runs_certified\principal_ge_43659_V2H.mat,PROJECT_ROOT\Round2_revision\runs_certified\principal_ge_43659_V2G.mat
43660,2014-08-20,ge,1,0.336356098489748,0.274750615156535,0.0616054833332122,0.061605483333212,0.0616054833332124,1,PROJECT_ROOT\Round2_revision\runs_certified\principal_ge_43660_V2H.mat,PROJECT_ROOT\Round2_revision\runs_certified\principal_ge_43660_V2G.mat
43662,2014-08-22,ge,1,0.854822869496935,0.849949486163592,0.00487338333334275,0.00487338333334275,0.0048733833333432,1,PROJECT_ROOT\Round2_revision\runs_certified\principal_ge_43662_V2H.mat,PROJECT_ROOT\Round2_revision\runs_certified\principal_ge_43662_V2G.mat
43663,2014-08-23,ge,0,1.56864060296186,1.56864060296196,-9.79216707719388e-14,-1.00364161426114e-13,-9.48130463029884e-14,0,PROJECT_ROOT\Round2_revision\runs_certified\principal_ge_43663_V2H.mat,PROJECT_ROOT\Round2_revision\runs_certified\principal_ge_43663_V2G.mat
43664,2014-08-24,ge,1,1.2629366859399,1.2629366859397,2.01616501271928e-13,2.01838545876853e-13,2.01172412062078e-13,0,PROJECT_ROOT\Round2_revision\runs_certified\principal_ge_43664_V2H.mat,PROJECT_ROOT\Round2_revision\runs_certified\principal_ge_43664_V2G.mat
43665,2014-08-25,ge,0,1.59558322599779,1.59558322599751,2.8688162956314e-13,2.8643754035329e-13,2.87547763377916e-13,0,PROJECT_ROOT\Round2_revision\runs_certified\principal_ge_43665_V2H.mat,PROJECT_ROOT\Round2_revision\runs_certified\principal_ge_43665_V2G.mat
43666,2014-08-26,ge,1,1.31235632589933,1.31235632589884,4.89608353859694e-13,4.89830398464619e-13,4.89164264649844e-13,0,PROJECT_ROOT\Round2_revision\runs_certified\principal_ge_43666_V2H.mat,PROJECT_ROOT\Round2_revision\runs_certified\principal_ge_43666_V2G.mat
43668,2014-08-28,ge,1,1.77400199696185,1.77400199696205,-2.03170813506404e-13,-2.02726724296554e-13,-2.03392858111329e-13,0,PROJECT_ROOT\Round2_revision\runs_certified\principal_ge_43668_V2H.mat,PROJECT_ROOT\Round2_revision\runs_certified\principal_ge_43668_V2G.mat
43669,2014-08-29,ge,1,0.964649208128889,0.964566735494859,8.24726340290516e-05,8.24726340296067e-05,8.24726340283854e-05,1,PROJECT_ROOT\Round2_revision\runs_certified\principal_ge_43669_V2H.mat,PROJECT_ROOT\Round2_revision\runs_certified\principal_ge_43669_V2G.mat
43670,2014-08-30,ge,1,1.11648277061738,1.11648277061739,-1.57651669496772e-14,-1.68753899743024e-14,-1.37667655053519e-14,0,PROJECT_ROOT\Round2_revision\runs_certified\principal_ge_43670_V2H.mat,PROJECT_ROOT\Round2_revision\runs_certified\principal_ge_43670_V2G.mat
43671,2014-08-31,ge,0,1.27650643775786,1.27618625463018,0.000320183127680007,0.000320183127679563,0.000320183127680673,1,PROJECT_ROOT\Round2_revision\runs_certified\principal_ge_43671_V2H.mat,PROJECT_ROOT\Round2_revision\runs_certified\principal_ge_43671_V2G.mat
43673,2014-09-02,ge,1,0.899021601717739,0.899021601717742,-2.77555756156289e-15,-2.99760216648792e-15,-2.55351295663786e-15,0,PROJECT_ROOT\Round2_revision\runs_certified\principal_ge_43673_V2H.mat,PROJECT_ROOT\Round2_revision\runs_certified\principal_ge_43673_V2G.mat
43674,2014-09-03,ge,1,0.511136167926633,0.504420134593189,0.00671603333344362,0.00671603333344317,0.00671603333344373,1,PROJECT_ROOT\Round2_revision\runs_certified\principal_ge_43674_V2H.mat,PROJECT_ROOT\Round2_revision\runs_certified\principal_ge_43674_V2G.mat
43675,2014-09-04,ge,0,1.71889196683412,1.71889196683418,-5.75095526755831e-14,-5.86197757002083e-14,-5.6843418860808e-14,0,PROJECT_ROOT\Round2_revision\runs_certified\principal_ge_43675_V2H.mat,PROJECT_ROOT\Round2_revision\runs_certified\principal_ge_43675_V2G.mat
43676,2014-09-05,ge,1,1.30671889810117,1.30671889810117,-2.66453525910038e-15,-2.66453525910038e-15,-3.10862446895044e-15,0,PROJECT_ROOT\Round2_revision\runs_certified\principal_ge_43676_V2H.mat,PROJECT_ROOT\Round2_revision\runs_certified\principal_ge_43676_V2G.mat
43678,2014-09-07,ge,1,0.715155568348531,0.714696758472109,0.000458809876421773,0.00045880987642144,0.000458809876421773,1,PROJECT_ROOT\Round2_revision\runs_certified\principal_ge_43678_V2H.mat,PROJECT_ROOT\Round2_revision\runs_certified\principal_ge_43678_V2G.mat
43679,2014-09-08,ge,1,0.430040352324141,0.430040352324099,4.20774526332934e-14,-1.45439216225896e-14,4.20774526332934e-14,0,PROJECT_ROOT\Round2_revision\runs_certified\principal_ge_43679_V2H.mat,PROJECT_ROOT\Round2_revision\runs_certified\principal_ge_43679_V2G.mat
43680,2014-09-09,ge,1,0.497141713388487,0.497141713388021,4.65794069981484e-13,4.65794069981484e-13,4.65960603435178e-13,0,PROJECT_ROOT\Round2_revision\runs_certified\principal_ge_43680_V2H.mat,PROJECT_ROOT\Round2_revision\runs_certified\principal_ge_43680_V2G.mat
43681,2014-09-10,ge,1,0.80510786358679,0.787165563586838,0.0179422999999518,0.0179422999999517,0.0179422999999518,1,PROJECT_ROOT\Round2_revision\runs_certified\principal_ge_43681_V2H.mat,PROJECT_ROOT\Round2_revision\runs_certified\principal_ge_43681_V2G.mat
43682,2014-09-11,ge,1,1.35840056397857,1.35840056397858,-1.11022302462516e-14,-1.06581410364015e-14,-1.06581410364015e-14,0,PROJECT_ROOT\Round2_revision\runs_certified\principal_ge_43682_V2H.mat,PROJECT_ROOT\Round2_revision\runs_certified\principal_ge_43682_V2G.mat
43684,2014-09-13,ge,1,1.09193871228281,1.09193871228251,3.00204305858642e-13,3.00648395068492e-13,2.99982261253717e-13,0,PROJECT_ROOT\Round2_revision\runs_certified\principal_ge_43684_V2H.mat,PROJECT_ROOT\Round2_revision\runs_certified\principal_ge_43684_V2G.mat
43685,2014-09-14,ge,0,0.982267406688073,0.982218581584919,4.88251031539599e-05,4.88251031530718e-05,4.8825103154293e-05,1,PROJECT_ROOT\Round2_revision\runs_certified\principal_ge_43685_V2H.mat,PROJECT_ROOT\Round2_revision\runs_certified\principal_ge_43685_V2G.mat
43686,2014-09-15,ge,1,1.05028263824918,1.05028263824875,4.35429470257986e-13,4.35873559467836e-13,4.36095604072761e-13,0,PROJECT_ROOT\Round2_revision\runs_certified\principal_ge_43686_V2H.mat,PROJECT_ROOT\Round2_revision\runs_certified\principal_ge_43686_V2G.mat
43687,2014-09-16,ge,1,0.704626771991154,0.704626771991338,-1.84741111297626e-13,-1.84297022087776e-13,-1.84630088995164e-13,0,PROJECT_ROOT\Round2_revision\runs_certified\principal_ge_43687_V2H.mat,PROJECT_ROOT\Round2_revision\runs_certified\principal_ge_43687_V2G.mat
43689,2014-09-18,ge,1,1.46969475080729,1.4696947508072,9.37028232783632e-14,9.43689570931383e-14,9.41469124882133e-14,0,PROJECT_ROOT\Round2_revision\runs_certified\principal_ge_43689_V2H.mat,PROJECT_ROOT\Round2_revision\runs_certified\principal_ge_43689_V2G.mat
43690,2014-09-19,ge,1,1.09494279045489,1.0918179071215,0.0031248833333839,0.00312488333338368,0.00312488333338501,1,PROJECT_ROOT\Round2_revision\runs_certified\principal_ge_43690_V2H.mat,PROJECT_ROOT\Round2_revision\runs_certified\principal_ge_43690_V2G.mat
43691,2014-09-20,ge,0,1.71282027538013,1.71282027538023,-9.57012247226885e-14,-9.76996261670138e-14,-9.54791801177635e-14,0,PROJECT_ROOT\Round2_revision\runs_certified\principal_ge_43691_V2H.mat,PROJECT_ROOT\Round2_revision\runs_certified\principal_ge_43691_V2G.mat
43692,2014-09-21,ge,0,1.29320981965077,1.29320981965076,6.21724893790088e-15,5.10702591327572e-15,6.43929354282591e-15,0,PROJECT_ROOT\Round2_revision\runs_certified\principal_ge_43692_V2H.mat,PROJECT_ROOT\Round2_revision\runs_certified\principal_ge_43692_V2G.mat
43693,2014-09-22,ge,1,0.846238419946127,0.84623841994599,1.37223565843669e-13,1.37334588146132e-13,1.37001521238744e-13,0,PROJECT_ROOT\Round2_revision\runs_certified\principal_ge_43693_V2H.mat,PROJECT_ROOT\Round2_revision\runs_certified\principal_ge_43693_V2G.mat
43695,2014-09-24,ge,1,0.747706870807259,0.747706870807246,1.29896093881143e-14,1.28785870856518e-14,1.27675647831893e-14,0,PROJECT_ROOT\Round2_revision\runs_certified\principal_ge_43695_V2H.mat,PROJECT_ROOT\Round2_revision\runs_certified\principal_ge_43695_V2G.mat
43696,2014-09-25,ge,0,1.64495290010348,1.64495290010356,-8.21565038222616e-14,-8.23785484271866e-14,-8.14903700074865e-14,0,PROJECT_ROOT\Round2_revision\runs_certified\principal_ge_43696_V2H.mat,PROJECT_ROOT\Round2_revision\runs_certified\principal_ge_43696_V2G.mat
43697,2014-09-26,ge,0,1.33546936100909,1.33546936100885,2.38253861084559e-13,2.36699548850083e-13,2.38253861084559e-13,0,PROJECT_ROOT\Round2_revision\runs_certified\principal_ge_43697_V2H.mat,PROJECT_ROOT\Round2_revision\runs_certified\principal_ge_43697_V2G.mat
43698,2014-09-27,ge,1,1.78977561046537,1.78977561046511,2.55129251058861e-13,2.55795384873636e-13,2.55129251058861e-13,0,PROJECT_ROOT\Round2_revision\runs_certified\principal_ge_43698_V2H.mat,PROJECT_ROOT\Round2_revision\runs_certified\principal_ge_43698_V2G.mat
43700,2014-09-29,ge,0,1.43941310377546,1.43941310377527,1.89404048001052e-13,1.89848137210902e-13,1.88515869581352e-13,0,PROJECT_ROOT\Round2_revision\runs_certified\principal_ge_43700_V2H.mat,PROJECT_ROOT\Round2_revision\runs_certified\principal_ge_43700_V2G.mat
43701,2014-09-30,ge,0,1.38627188631735,1.38627188631742,-7.105427357601e-14,-7.1276318180935e-14,-6.99440505513849e-14,0,PROJECT_ROOT\Round2_revision\runs_certified\principal_ge_43701_V2H.mat,PROJECT_ROOT\Round2_revision\runs_certified\principal_ge_43701_V2G.mat
43702,2014-10-01,ge,0,1.14015322067949,1.14015322067958,-8.83737527601625e-14,-9.03721542044877e-14,-8.81517081552374e-14,0,PROJECT_ROOT\Round2_revision\runs_certified\principal_ge_43702_V2H.mat,PROJECT_ROOT\Round2_revision\runs_certified\principal_ge_43702_V2G.mat
43593,2014-06-14,eq,1,0.624939333458428,0.624939333458427,7.7715611723761e-16,1.11022302462516e-15,4.44089209850063e-16,0,PROJECT_ROOT\Round2_revision\runs_certified\equality_43593_V2H.mat,PROJECT_ROOT\Round2_revision\runs_certified\equality_43593_V2G.mat
43598,2014-06-19,eq,1,0.716298022897184,0.716298022897169,1.54321000422897e-14,1.50990331349021e-14,1.58761892521397e-14,0,PROJECT_ROOT\Round2_revision\runs_certified\equality_43598_V2H.mat,PROJECT_ROOT\Round2_revision\runs_certified\equality_43598_V2G.mat
43599,2014-06-20,eq,1,NaN,0.224820117099849,NaN,NaN,NaN,0,PROJECT_ROOT\Round2_revision\runs_certified\equality_43599_V2H.mat,PROJECT_ROOT\Round2_revision\runs_certified\equality_43599_V2G.mat
43604,2014-06-25,eq,1,NaN,0.0819005801088387,NaN,NaN,NaN,0,PROJECT_ROOT\Round2_revision\runs_certified\equality_43604_V2H.mat,PROJECT_ROOT\Round2_revision\runs_certified\equality_43604_V2G.mat
43610,2014-07-01,eq,1,NaN,0.193287243728576,NaN,NaN,NaN,0,PROJECT_ROOT\Round2_revision\runs_certified\equality_43610_V2H.mat,PROJECT_ROOT\Round2_revision\runs_certified\equality_43610_V2G.mat
43616,2014-07-07,eq,1,NaN,0.0287335397119471,NaN,NaN,NaN,0,PROJECT_ROOT\Round2_revision\runs_certified\equality_43616_V2H.mat,PROJECT_ROOT\Round2_revision\runs_certified\equality_43616_V2G.mat
43621,2014-07-12,eq,0,1.65836547500071,1.658243589815,0.000121885185710768,0.000121885185711434,0.000121885185710768,1,PROJECT_ROOT\Round2_revision\runs_certified\equality_43621_V2H.mat,PROJECT_ROOT\Round2_revision\runs_certified\equality_43621_V2G.mat
43627,2014-07-18,eq,1,NaN,0.117021085616196,NaN,NaN,NaN,0,PROJECT_ROOT\Round2_revision\runs_certified\equality_43627_V2H.mat,PROJECT_ROOT\Round2_revision\runs_certified\equality_43627_V2G.mat
43633,2014-07-24,eq,1,0.525666794359604,0.525666794359627,-2.26485497023532e-14,-2.29816166097407e-14,-2.32036612146658e-14,0,PROJECT_ROOT\Round2_revision\runs_certified\equality_43633_V2H.mat,PROJECT_ROOT\Round2_revision\runs_certified\equality_43633_V2G.mat
43638,2014-07-29,eq,1,0.626734327017204,0.626734327017287,-8.29336599394992e-14,-1.13464793116691e-13,-8.20454815197991e-14,0,PROJECT_ROOT\Round2_revision\runs_certified\equality_43638_V2H.mat,PROJECT_ROOT\Round2_revision\runs_certified\equality_43638_V2G.mat
43644,2014-08-04,eq,1,NaN,0.219747367879973,NaN,NaN,NaN,0,PROJECT_ROOT\Round2_revision\runs_certified\equality_43644_V2H.mat,PROJECT_ROOT\Round2_revision\runs_certified\equality_43644_V2G.mat
43651,2014-08-11,eq,1,NaN,0.173417078966334,NaN,NaN,NaN,0,PROJECT_ROOT\Round2_revision\runs_certified\equality_43651_V2H.mat,PROJECT_ROOT\Round2_revision\runs_certified\equality_43651_V2G.mat
43657,2014-08-17,eq,1,0.261067724200319,0.260953721525353,0.000114002674965974,0.00011400267496664,0.000114002674965086,1,PROJECT_ROOT\Round2_revision\runs_certified\equality_43657_V2H.mat,PROJECT_ROOT\Round2_revision\runs_certified\equality_43657_V2G.mat
43662,2014-08-22,eq,1,NaN,0.849949486163582,NaN,NaN,NaN,0,PROJECT_ROOT\Round2_revision\runs_certified\equality_43662_V2H.mat,PROJECT_ROOT\Round2_revision\runs_certified\equality_43662_V2G.mat
43668,2014-08-28,eq,1,1.77400199696185,1.77400199696198,-1.36779476633819e-13,-1.36779476633819e-13,-1.37223565843669e-13,0,PROJECT_ROOT\Round2_revision\runs_certified\equality_43668_V2H.mat,PROJECT_ROOT\Round2_revision\runs_certified\equality_43668_V2G.mat
43674,2014-09-03,eq,1,NaN,0.504420134593094,NaN,NaN,NaN,0,PROJECT_ROOT\Round2_revision\runs_certified\equality_43674_V2H.mat,PROJECT_ROOT\Round2_revision\runs_certified\equality_43674_V2G.mat
43679,2014-09-08,eq,1,0.430040352324038,0.430040352324098,-6.01185767834522e-14,-6.01740879346835e-14,-6.04516436908398e-14,0,PROJECT_ROOT\Round2_revision\runs_certified\equality_43679_V2H.mat,PROJECT_ROOT\Round2_revision\runs_certified\equality_43679_V2G.mat
43685,2014-09-14,eq,0,0.98226740668779,0.982218581584634,4.88251031560694e-05,4.88251031458553e-05,4.88251031556253e-05,1,PROJECT_ROOT\Round2_revision\runs_certified\equality_43685_V2H.mat,PROJECT_ROOT\Round2_revision\runs_certified\equality_43685_V2G.mat
43691,2014-09-20,eq,0,1.71282027538022,1.71282027538023,-1.31006316905768e-14,-1.31006316905768e-14,-1.31006316905768e-14,0,PROJECT_ROOT\Round2_revision\runs_certified\equality_43691_V2H.mat,PROJECT_ROOT\Round2_revision\runs_certified\equality_43691_V2G.mat
43696,2014-09-25,eq,0,1.64495290010348,1.64495290010356,-8.32667268468867e-14,-8.43769498715119e-14,-8.23785484271866e-14,0,PROJECT_ROOT\Round2_revision\runs_certified\equality_43696_V2H.mat,PROJECT_ROOT\Round2_revision\runs_certified\equality_43696_V2G.mat
43702,2014-10-01,eq,0,1.14015322067948,1.14015322067958,-1.02362562870439e-13,-1.03472785895065e-13,-1.01696429055664e-13,0,PROJECT_ROOT\Round2_revision\runs_certified\equality_43702_V2H.mat,PROJECT_ROOT\Round2_revision\runs_certified\equality_43702_V2G.mat
