DayID,CalendarDate,OldValidPair,V2H_0_GBP,V2G_0_GBP,Saving_0_GBP,V2H_1_GBP,V2G_1_GBP,Saving_1_GBP,V2H_2_GBP,V2G_2_GBP,Saving_2_GBP,V2H_3_GBP,V2G_3_GBP,Saving_3_GBP
43593,2014-06-14,1,0.526257131401,0.0439490980675,0.482308033333,0.628439189014,1.25068716391,-0.622247974897,0.628439189014,1.25068716391,-0.622247974897,0.624939333459,0.624939333458,3.27071703055e-13
43594,2014-06-15,1,0.543604096112,0.0616335794455,0.481970516667,0.647442094466,1.26837164529,-0.620929550823,0.647442094466,1.26837164529,-0.620929550823,0.638371598376,0.638100106606,0.000271491769751
43595,2014-06-16,1,0.491140079417,-0.0630764372501,0.554216516667,0.491140079417,1.14366162859,-0.652521549177,0.491140079417,1.14366162859,-0.652521549177,0.491140079417,0.463849729416,0.0272903500001
43597,2014-06-18,1,0.273575800433,-0.288292766234,0.561868566667,0.273575800433,0.91844529961,-0.644869499177,0.273575800433,0.91844529961,-0.644869499177,0.273575800433,0.238633400433,0.0349424
43598,2014-06-19,1,0.565097409934,0.104905659934,0.46019175,0.717928994296,1.31164372578,-0.593714731482,0.717928994296,1.31164372578,-0.593714731482,0.716298022897,0.716298022897,1.79856129989e-14
43599,2014-06-20,1,0.291222783767,-0.302106049567,0.593328833333,0.291222783767,0.904632016277,-0.61340923251,0.291222783767,0.904632016277,-0.61340923251,0.291222783767,0.2248201171,0.0664026666667
43600,2014-06-21,1,-0.0508317884506,-0.536331955117,0.485500166667,0.0440398164879,0.670406110726,-0.626366294238,0.0440398164879,0.670406110726,-0.626366294238,0.0421161304044,0.0421161304042,1.40804035098e-13
43602,2014-06-23,1,0.213477186502,-0.338989013498,0.5524662,0.213477186502,0.867749052346,-0.654271865844,0.213477186502,0.867749052346,-0.654271865844,0.213477186502,0.187937153169,0.0255400333334
43603,2014-06-24,1,0.270342490728,-0.277677759272,0.54802025,0.270342490728,0.929060306571,-0.658717815844,0.270342490728,0.929060306571,-0.658717815844,0.270342490728,0.249248407394,0.0210940833334
43604,2014-06-25,1,0.143788513442,-0.445025586558,0.5888141,0.143788513442,0.761712479286,-0.617923965844,0.143788513442,0.761712479286,-0.617923965844,0.143788513442,0.0819005801089,0.0618879333333
43605,2014-06-26,1,0.205065477339,-0.258578439328,0.463643916667,0.349991094623,0.948159626516,-0.598168531893,0.349991094623,0.948159626516,-0.598168531893,0.348352461357,0.348352461357,7.29971638691e-14
43606,2014-06-27,1,0.242342237496,-0.346915712504,0.58925795,0.242342237496,0.859822353339,-0.617480115844,0.242342237496,0.859822353339,-0.617480115844,0.242342237496,0.180010454163,0.0623317833333
43608,2014-06-29,1,0.300701981091,-0.231788002242,0.532489983333,0.300701981091,0.974950063602,-0.674248082511,0.300701981091,0.974950063602,-0.674248082511,0.300701981091,0.295138164425,0.00556381666637
43609,2014-06-30,1,0.198132385845,-0.360957214155,0.5590896,0.198132385845,0.845780851689,-0.647648465844,0.198132385845,0.845780851689,-0.647648465844,0.198132385845,0.165968952512,0.0321634333334
43610,2014-07-01,1,0.221944710395,-0.333638922938,0.555583633333,0.221944710395,0.873099142906,-0.65115443251,0.221944710395,0.873099142906,-0.65115443251,0.221944710395,0.193287243728,0.0286574666668
43611,2014-07-02,1,0.011644355963,-0.54709242737,0.558736783333,0.011644355963,0.659645638473,-0.64800128251,0.011644355963,0.659645638473,-0.64800128251,0.011644355963,-0.0201662607037,0.0318106166667
43613,2014-07-04,1,-0.0975139738153,-0.698646294803,0.601132320988,-0.0975139738153,0.508091771041,-0.605605744856,-0.0975139738153,0.508091771041,-0.605605744856,-0.0975139738153,-0.171720128136,0.0742061543212
43614,2014-07-05,1,0.437254065901,-0.0609787674326,0.498232833333,0.502966000057,1.14575929841,-0.642793298354,0.502966000057,1.14575929841,-0.642793298354,0.502083514262,0.502083514262,-2.99760216649e-15
43615,2014-07-06,1,0.258349283849,-0.277296966151,0.53564625,0.258349283849,0.929441099692,-0.671091815844,0.258349283849,0.929441099692,-0.671091815844,0.258349283849,0.249629200515,0.00872008333319
43616,2014-07-07,1,0.0597806230453,-0.498192626955,0.55797325,0.0597806230453,0.708545438889,-0.648764815844,0.0597806230453,0.708545438889,-0.648764815844,0.0597806230453,0.0287335397119,0.0310470833334
43617,2014-07-08,1,0.313748210211,-0.241808523123,0.555556733333,0.313748210211,0.964929542721,-0.65118133251,0.313748210211,0.964929542721,-0.65118133251,0.313748210211,0.285117643544,0.0286305666668
43619,2014-07-10,1,1.00493287923,0.541203779229,0.4637291,1.14966341421,1.74794184507,-0.598278430864,1.14966341421,1.74794184507,-0.598278430864,1.14833895948,1.14833895948,2.70006239589e-13
43620,2014-07-11,0,1.4475314832,0.926532283199,0.5209992,1.4611051046,2.13327034904,-0.672165244444,1.4611051046,2.13327034904,-0.672165244444,1.45610244987,1.45610244987,-2.99760216649e-14
43621,2014-07-12,0,1.26445600833,0.905479156482,0.358976851852,1.64936366266,2.11221722233,-0.462853559671,1.64936366266,2.11221722233,-0.462853559671,1.658365475,1.65824358982,0.00012188518537
43622,2014-07-13,1,1.28018936578,0.857531717217,0.42265764856,1.51925759623,2.06426978306,-0.545012186831,1.51925759623,2.06426978306,-0.545012186831,1.50652353141,1.50640211619,0.00012141522658
43624,2014-07-15,1,0.729519664621,0.213824247955,0.515695416667,0.75523972635,1.4205623138,-0.665322587448,0.75523972635,1.4205623138,-0.665322587448,0.745760414621,0.745760414621,1.54987134238e-13
43625,2014-07-16,1,0.461806965341,-0.0752111846588,0.53701815,0.461806965341,1.13152688118,-0.669719915844,0.461806965341,1.13152688118,-0.669719915844,0.461806965341,0.451714982008,0.0100919833334
43626,2014-07-17,1,0.426322649311,-0.0147118173557,0.441034466667,0.623027217212,1.19202624849,-0.568999031276,0.623027217212,1.19202624849,-0.568999031276,0.615890298282,0.615890298282,7.20534742982e-14
43627,2014-07-18,1,0.133734952282,-0.40990508105,0.543640033333,0.133734952282,0.796832984793,-0.663098032511,0.133734952282,0.796832984793,-0.663098032511,0.133734952283,0.117021085616,0.0167138666666
43629,2014-07-20,0,1.1816794713,0.797345721297,0.384333749999,1.50823698158,2.00408378714,-0.495846805556,1.50823698158,2.00408378714,-0.495846805556,1.49564889126,1.49564889126,-5.30020471956e-13
43630,2014-07-21,1,0.654020412412,0.208368962412,0.44565145,0.840960597597,1.41510702826,-0.574146430658,0.840960597597,1.41510702826,-0.574146430658,0.831398739367,0.831125247597,0.00027349177
43631,2014-07-22,1,0.498433965185,-0.016825934815,0.5152599,0.526607956954,1.18991213103,-0.663304174074,0.526607956954,1.18991213103,-0.663304174074,0.517687621152,0.517175735967,0.000511885185268
43632,2014-07-23,1,0.3685454671,-0.1457018329,0.5142473,0.397581928006,1.06103623294,-0.663454304938,0.397581928006,1.06103623294,-0.663454304938,0.387343221009,0.387343221009,4.22994972382e-13
43633,2014-07-24,1,0.327924187981,-0.108752478686,0.436676666667,0.534608755882,1.09798558716,-0.563376831276,0.534608755882,1.09798558716,-0.563376831276,0.52566679436,0.52566679436,1.99840144433e-15
43635,2014-07-26,0,0.951966845186,0.534963045187,0.4170038,1.20370515794,1.74170111103,-0.537995953086,1.20370515794,1.74170111103,-0.537995953086,1.19438099663,1.19438099663,-5.99520433298e-14
43636,2014-07-27,1,1.21146034115,0.773443157817,0.438017183333,1.41507492963,1.98018122366,-0.565106294033,1.41507492963,1.98018122366,-0.565106294033,1.40633741132,1.40633741132,1.90070181816e-13
43637,2014-07-28,1,1.21026150752,0.72897119085,0.481290316667,1.31477428529,1.93570925669,-0.620934971399,1.31477428529,1.93570925669,-0.620934971399,1.30543877151,1.30543877151,5.79980508064e-13
43638,2014-07-29,1,0.59841715603,0.0877206560297,0.5106965,0.635585468787,1.29445872187,-0.658873253086,0.635585468787,1.29445872187,-0.658873253086,0.626734327018,0.626734327017,3.65929508916e-13
43640,2014-07-31,1,0.150493715892,-0.312603234108,0.46309695,0.296671966921,0.894134831736,-0.597462864815,0.296671966921,0.894134831736,-0.597462864815,0.295177225151,0.295177225151,1.08024700296e-13
43641,2014-08-01,1,0.480326250433,-0.0962079995669,0.57653425,0.480326250433,1.11053006628,-0.630203815844,0.480326250433,1.11053006628,-0.630203815844,0.480326250433,0.4307181671,0.0496080833334
43642,2014-08-02,1,0.327236564801,-0.163543341988,0.49077990679,0.410187614184,1.04319472386,-0.633007109671,0.410187614184,1.04319472386,-0.633007109671,0.408386355748,0.408311765625,7.4590123384e-05
43643,2014-08-03,1,0.134996404855,-0.365640183622,0.500636588477,0.19541031432,0.841097882221,-0.645687567901,0.19541031432,0.841097882221,-0.645687567901,0.180074496625,0.179984141481,9.0355143989e-05
43644,2014-08-04,1,0.24670116788,-0.307178798786,0.553879966667,0.24670116788,0.899559267057,-0.652858099177,0.24670116788,0.899559267057,-0.652858099177,0.24670116788,0.21974736788,0.0269538
43646,2014-08-06,1,0.273644277459,-0.312282555874,0.585926833333,0.273644277459,0.89445550997,-0.62081123251,0.273644277459,0.89445550997,-0.62081123251,0.273644277459,0.214643610793,0.0590006666667
43647,2014-08-07,1,0.563605506187,0.0994235895198,0.464181916667,0.707299024705,1.30616165536,-0.598862630658,0.707299024705,1.30616165536,-0.598862630658,0.705626427586,0.705626427586,6.90558721317e-14
43648,2014-08-08,1,0.4681783671,-0.120626517262,0.588804884362,0.4681783671,1.08611154858,-0.617933181481,0.4681783671,1.08611154858,-0.617933181481,0.4681783671,0.406299649404,0.0618787176956
43649,2014-08-09,1,0.00939223177108,-0.483091341685,0.492483573457,0.0884416350633,0.723646724158,-0.635205089095,0.0884416350633,0.723646724158,-0.635205089095,0.0871011455065,0.087026555383,7.45901235624e-05
43651,2014-08-11,1,0.208022195633,-0.3535090877,0.561531283333,0.208022195633,0.853228978143,-0.64520678251,0.208022195633,0.853228978143,-0.64520678251,0.208022195633,0.173417078966,0.0346051166667
43652,2014-08-12,1,0.165152395339,-0.390933371328,0.556085766667,0.165152395339,0.815804694516,-0.650652299177,0.165152395339,0.815804694516,-0.650652299177,0.165152395339,0.135992795339,0.0291596000001
43653,2014-08-13,1,0.157909396268,-0.430160470399,0.588069866667,0.157909396268,0.776577595445,-0.618668199177,0.157909396268,0.776577595445,-0.618668199177,0.157909396268,0.0967656962678,0.0611437
43654,2014-08-14,1,0.491126780868,0.029182047535,0.461944733333,0.639943776753,1.23592011338,-0.595976336626,0.639943776753,1.23592011338,-0.595976336626,0.638063051033,0.638063051033,4.99600361081e-14
43655,2014-08-15,1,0.244694565797,-0.343887784203,0.58858235,0.244694565797,0.86285028164,-0.618155715844,0.244694565797,0.86285028164,-0.618155715844,0.244694565797,0.183038382464,0.0616561833334
43657,2014-08-17,1,0.256273420702,-0.267605998639,0.523879419342,0.263512000949,0.939132067204,-0.675620066255,0.263512000949,0.939132067204,-0.675620066255,0.2610677242,0.260953721525,0.000114002674972
43658,2014-08-18,1,0.2962152519,-0.255088181433,0.551303433333,0.2962152519,0.95164988441,-0.65543463251,0.2962152519,0.95164988441,-0.65543463251,0.2962152519,0.271837985234,0.0243772666667
43659,2014-08-19,1,0.1423339772,-0.411770156133,0.554104133333,0.1423339772,0.794967909711,-0.65263393251,0.1423339772,0.794967909711,-0.65263393251,0.1423339772,0.115156010534,0.0271779666667
43660,2014-08-20,1,0.33635609849,-0.25217555151,0.58853165,0.33635609849,0.954562514333,-0.618206415844,0.33635609849,0.954562514333,-0.618206415844,0.33635609849,0.274750615157,0.0616054833332
43662,2014-08-22,1,0.854822869497,0.323023319497,0.53179955,0.854822869497,1.52976138534,-0.674938515843,0.854822869497,1.52976138534,-0.674938515843,0.854822869497,0.849949486164,0.00487338333334
43663,2014-08-23,0,1.35207184,0.923729689999,0.42834215,1.57784367127,2.13046775584,-0.552624084568,1.57784367127,2.13046775584,-0.552624084568,1.56864060296,1.56864060296,-9.99200722163e-14
43664,2014-08-24,1,1.05954646433,0.627788014335,0.43175845,1.27749446845,1.83452608018,-0.557031611728,1.27749446845,1.83452608018,-0.557031611728,1.26293668594,1.26293668594,2.00062189037e-13
43665,2014-08-25,0,1.37369706797,0.947775917973,0.42592115,1.60501334369,2.15451398382,-0.549500640123,1.60501334369,2.15451398382,-0.549500640123,1.595583226,1.595583226,2.7999824681e-13
43666,2014-08-26,1,1.23566962137,0.746815921372,0.4888537,1.32286114401,1.95355398722,-0.63069284321,1.32286114401,1.95355398722,-0.63069284321,1.3123563259,1.3123563259,4.9005244307e-13
43668,2014-08-28,1,1.55725881939,1.12914980272,0.428109016667,1.78356456013,2.33588786857,-0.552323308436,1.78356456013,2.33588786857,-0.552323308436,1.77400199696,1.77400199696,-2.00062189037e-13
43669,2014-08-29,1,0.950580374795,0.433300568828,0.517279805967,0.972860827471,1.64003863467,-0.667177807201,0.972860827471,1.64003863467,-0.667177807201,0.964649208129,0.964566735495,8.24726340299e-05
43670,2014-08-30,1,0.927932822469,0.487257022469,0.4406758,1.12545878955,1.69399508831,-0.568536298765,1.12545878955,1.69399508831,-0.568536298765,1.11648277062,1.11648277062,-9.99200722163e-15
43671,2014-08-31,0,1.24565322335,0.737894156688,0.507759066667,1.29035787356,1.94463222253,-0.654274348971,1.29035787356,1.94463222253,-0.654274348971,1.27650643776,1.27618625463,0.00032018312768
43673,2014-09-02,1,0.869913905421,0.356451188755,0.513462716666,0.900747177026,1.5631892546,-0.662442077572,0.900747177026,1.5631892546,-0.662442077572,0.899021601718,0.899021601718,-2.99760216649e-15
43674,2014-09-03,1,0.511136167927,-0.0225060320735,0.5336422,0.511136167927,1.18423203377,-0.673095865843,0.511136167927,1.18423203377,-0.673095865843,0.511136167927,0.504420134593,0.00671603333344
43675,2014-09-04,0,1.55076714317,1.09779355984,0.452973583333,1.72012938597,2.30453162568,-0.584402239712,1.72012938597,2.30453162568,-0.584402239712,1.71889196683,1.71889196683,-5.99520433298e-14
43676,2014-09-05,1,1.21458620613,0.730677622793,0.483908583333,1.31310276991,1.93741568864,-0.624312918724,1.31310276991,1.93741568864,-0.624312918724,1.3067188981,1.3067188981,0
43678,2014-09-07,1,0.676013307649,0.171426650859,0.50458665679,0.728315900242,1.3781647167,-0.649848816461,0.728315900242,1.3781647167,-0.649848816461,0.715155568349,0.714696758472,0.000458809876422
43679,2014-09-08,1,0.3623881836,-0.133508833067,0.495897016667,0.433449479897,1.07322923278,-0.63977975288,0.433449479897,1.07322923278,-0.63977975288,0.430040352324,0.430040352324,4.20219414821e-14
43680,2014-09-09,1,0.485459984376,-0.0357588989576,0.521218883334,0.49853049878,1.17097916689,-0.672448668106,0.49853049878,1.17097916689,-0.672448668106,0.497141713388,0.497141713388,4.66016114586e-13
43681,2014-09-10,1,0.805107863587,0.26023939692,0.544868466667,0.805107863587,1.46697746276,-0.661869599177,0.805107863587,1.46697746276,-0.661869599177,0.805107863587,0.787165563587,0.0179423
43682,2014-09-11,1,1.18594775534,0.734902005337,0.45104575,1.35972501871,1.94164007118,-0.581915052469,1.35972501871,1.94164007118,-0.581915052469,1.35840056398,1.35840056398,-9.99200722163e-15
43684,2014-09-13,1,0.924743681213,0.472375347879,0.452368333334,1.09549203512,1.67911341372,-0.5836213786,1.09549203512,1.67911341372,-0.5836213786,1.09193871228,1.09193871228,2.99982261254e-13
43685,2014-09-14,0,0.923731236935,0.429166261832,0.494564975103,0.997954920062,1.63590432768,-0.637949407613,0.997954920062,1.63590432768,-0.637949407613,0.982267406688,0.982218581585,4.8825103154e-05
43686,2014-09-15,1,0.89359217652,0.437094693187,0.456497483333,1.05488417241,1.64383275903,-0.588948586625,1.05488417241,1.64383275903,-0.588948586625,1.05028263825,1.05028263825,4.29878355135e-13
43687,2014-09-16,1,0.668309474666,0.159034191333,0.509275283333,0.708732581662,1.36577225718,-0.657039675514,0.708732581662,1.36577225718,-0.657039675514,0.704626771991,0.704626771991,-1.84074977483e-13
43689,2014-09-18,1,1.2929756683,0.843956384964,0.449019283333,1.47139383702,2.05069445081,-0.579300613786,1.47139383702,2.05069445081,-0.579300613786,1.46969475081,1.46969475081,8.99280649946e-14
43690,2014-09-19,1,1.09494279045,0.564891740455,0.53005105,1.09494279045,1.7716298063,-0.676687015844,1.09494279045,1.7716298063,-0.676687015844,1.09494279045,1.09181790712,0.00312488333339
43691,2014-09-20,0,1.53863335419,1.09155535419,0.447078,1.72149734596,2.29829342003,-0.576796074074,1.72149734596,2.29829342003,-0.576796074074,1.71282027538,1.71282027538,-9.99200722163e-14
43692,2014-09-21,0,1.0076685464,0.609822029733,0.397846516667,1.3032798427,1.81656009558,-0.513280252881,1.3032798427,1.81656009558,-0.513280252881,1.29320981965,1.29320981965,9.99200722163e-15
43693,2014-09-22,1,0.700556371181,0.238024321181,0.46253205,0.848028325914,1.44476238702,-0.596734061111,0.848028325914,1.44476238702,-0.596734061111,0.846238419946,0.846238419946,1.37001521239e-13
43695,2014-09-24,1,0.715689584593,0.203370117927,0.512319466666,0.749141066075,1.41010818377,-0.660967117696,0.749141066075,1.41010818377,-0.660967117696,0.747706870807,0.747706870807,1.29896093881e-14
43696,2014-09-25,0,1.4488039213,1.0101590713,0.43864485,1.65098106121,2.21689713714,-0.565916075926,1.65098106121,2.21689713714,-0.565916075926,1.6449529001,1.6449529001,-8.01581023779e-14
43697,2014-09-26,0,1.29835710875,0.792583308746,0.5057738,1.34679912521,1.99932137459,-0.652522249382,1.34679912521,1.99932137459,-0.652522249382,1.33546936101,1.33546936101,2.40030217924e-13
43698,2014-09-27,1,1.57369937178,1.14604765512,0.427651716667,1.80105239647,2.35278572096,-0.551733324485,1.80105239647,2.35278572096,-0.551733324485,1.78977561047,1.78977561047,2.60014232367e-13
43700,2014-09-29,0,1.33417483464,0.856063201306,0.478111633333,1.44596726262,2.06280126715,-0.616834004527,1.44596726262,2.06280126715,-0.616834004527,1.43941310378,1.43941310378,1.90070181816e-13
43701,2014-09-30,0,1.27124758796,0.79737270463,0.473874883333,1.39274279372,2.00411077047,-0.611367976749,1.39274279372,2.00411077047,-0.611367976749,1.38627188632,1.38627188632,-6.99440505514e-14
43702,2014-10-01,0,0.98780140463,0.52791900463,0.4598824,1.14134144578,1.73465707047,-0.593315624691,1.14134144578,1.73465707047,-0.593315624691,1.14015322068,1.14015322068,-8.99280649946e-14
