DayID,CalendarDate,Regime,UnconstrainedCost_GBP,RestoreBattery_kWh,RestoreGrid_kWh,ChargeEfficiency,FlatPrice_GBPperkWh,FlatRestorationCost_GBP,TOURestorationCost_GBP,FlatAdjustedCost_GBP,TOUAdjustedCost_GBP,TerminalOptimisedCost_GBP,EVOnlyScheduleFeasible,UnservedGridEnergy_kWh,NextDayPredepartureConnected_h
43593,2014-06-14,V2H,0.526257131400806,1.8429629629635,2.047736625515,0.9,0.0499,0.102182057613198,0.102182057613198,0.628439189014004,0.628439189014004,0.624939333458676,1,0,9
43593,2014-06-14,V2G,0.0439490980675138,21.764814814814,24.1831275720155,0.9,0.0499,1.20673806584357,1.20673806584357,1.25068716391109,1.25068716391109,0.624939333458349,1,0,9
43594,2014-06-15,V2H,0.543604096112219,1.87282962963313,2.08092181070348,0.9,0.0499,0.103837998354104,0.103837998354104,0.647442094466323,0.647442094466323,0.638371598375706,1,0,6
43594,2014-06-15,V2G,0.0616335794454684,21.7648148148152,24.1831275720169,0.9,0.0499,1.20673806584364,1.20673806584364,1.26837164528911,1.26837164528911,0.638100106605955,1,0,6
43595,2014-06-16,V2H,0.491140079416515,0,0,0.9,0.0499,0,0,0.491140079416515,0.491140079416515,0.491140079416515,1,0,6
43595,2014-06-16,V2G,-0.0630764372501378,21.7648148148142,24.1831275720157,0.9,0.0499,1.20673806584359,1.20673806584358,1.14366162859345,1.14366162859345,0.463849729416455,1,0,6
43597,2014-06-18,V2H,0.273575800433207,0,0,0.9,0.0499,0,0,0.273575800433207,0.273575800433207,0.273575800433221,1,0,6
43597,2014-06-18,V2G,-0.288292766233579,21.7648148148142,24.1831275720158,0.9,0.0499,1.20673806584359,1.20673806584359,0.918445299610009,0.918445299610008,0.238633400433189,1,0,6
43598,2014-06-19,V2H,0.565097409934248,2.75648148148069,3.06275720164521,0.9,0.0499,0.152831584362096,0.152831584362096,0.717928994296344,0.717928994296344,0.716298022897188,1,0,7
43598,2014-06-19,V2G,0.104905659934338,21.7648148148141,24.1831275720156,0.9,0.0499,1.20673806584358,1.20673806584358,1.31164372577792,1.31164372577792,0.71629802289717,1,0,7
43599,2014-06-20,V2H,0.291222783766566,0,0,0.9,0.0499,0,0,0.291222783766566,0.291222783766566,0.291222783766561,1,0,10
43599,2014-06-20,V2G,-0.302106049566804,21.7648148148133,24.1831275720147,0.9,0.0499,1.20673806584353,1.20673806584353,0.904632016276731,0.904632016276731,0.224820117099825,1,0,10
43600,2014-06-21,V2H,-0.0508317884506437,1.71111111111531,1.9012345679059,0.9,0.0499,0.0948716049385043,0.0948716049385043,0.0440398164878606,0.0440398164878606,0.0421161304043628,1,0,9
43600,2014-06-21,V2G,-0.536331955117364,21.7648148148142,24.1831275720158,0.9,0.0499,1.20673806584359,1.20673806584359,0.670406110726225,0.670406110726225,0.042116130404222,1,0,9
43602,2014-06-23,V2H,0.213477186502154,0,0,0.9,0.0499,0,0,0.213477186502154,0.213477186502154,0.213477186502154,1,0,6
43602,2014-06-23,V2G,-0.338989013497853,21.764814814814,24.1831275720155,0.9,0.0499,1.20673806584357,1.20673806584357,0.867749052345722,0.867749052345721,0.187937153168798,1,0,6
43603,2014-06-24,V2H,0.270342490727558,0,0,0.9,0.0499,0,0,0.270342490727558,0.270342490727558,0.270342490727558,1,0,6
43603,2014-06-24,V2G,-0.277677759272422,21.7648148148145,24.1831275720161,0.9,0.0499,1.2067380658436,1.2067380658436,0.92906030657118,0.92906030657118,0.249248407394169,1,0,6
43604,2014-06-25,V2H,0.143788513442218,0,0,0.9,0.0499,0,0,0.143788513442218,0.143788513442218,0.143788513442218,1,0,6
43604,2014-06-25,V2G,-0.445025586557841,21.764814814814,24.1831275720156,0.9,0.0499,1.20673806584358,1.20673806584358,0.761712479285735,0.761712479285735,0.0819005801088823,1,0,6
43605,2014-06-26,V2H,0.205065477339024,2.61388888888826,2.90432098765362,0.9,0.0499,0.144925617283916,0.144925617283916,0.34999109462294,0.34999109462294,0.348352461357397,1,0,7
43605,2014-06-26,V2G,-0.258578439327751,21.764814814814,24.1831275720155,0.9,0.0499,1.20673806584358,1.20673806584358,0.948159626515824,0.948159626515824,0.348352461357324,1,0,7
43606,2014-06-27,V2H,0.242342237495804,0,0,0.9,0.0499,0,0,0.242342237495804,0.242342237495804,0.242342237495897,1,0,10
43606,2014-06-27,V2G,-0.346915712504101,21.764814814814,24.1831275720155,0.9,0.0499,1.20673806584357,1.20673806584357,0.859822353339473,0.859822353339473,0.180010454162548,1,0,10
43608,2014-06-29,V2H,0.300701981091434,0,0,0.9,0.0499,0,0,0.300701981091434,0.300701981091434,0.300701981091435,1,0,6
43608,2014-06-29,V2G,-0.231788002241644,21.7648148148142,24.1831275720158,0.9,0.0499,1.20673806584359,1.20673806584359,0.974950063601945,0.974950063601944,0.295138164425061,1,0,6
43609,2014-06-30,V2H,0.198132385845392,0,0,0.9,0.0499,0,0,0.198132385845392,0.198132385845392,0.198132385845394,1,0,6
43609,2014-06-30,V2G,-0.360957214154608,21.764814814814,24.1831275720155,0.9,0.0499,1.20673806584357,1.20673806584357,0.845780851688967,0.845780851688967,0.165968952512042,1,0,6
43610,2014-07-01,V2H,0.221944710395258,0,0,0.9,0.0499,0,0,0.221944710395258,0.221944710395258,0.221944710395258,1,0,6
43610,2014-07-01,V2G,-0.333638922938135,21.7648148148154,24.1831275720171,0.9,0.0499,1.20673806584365,1.20673806584365,0.873099142905518,0.873099142905518,0.193287243728499,1,0,6
43611,2014-07-02,V2H,0.0116443559630046,0,0,0.9,0.0499,0,0,0.0116443559630046,0.0116443559630046,0.0116443559629941,1,0,6
43611,2014-07-02,V2G,-0.547092427370379,21.7648148148159,24.1831275720177,0.9,0.0499,1.20673806584368,1.20673806584368,0.659645638473304,0.659645638473304,-0.0201662607036818,1,0,6
43613,2014-07-04,V2H,-0.097513973815305,0,0,0.9,0.0499,0,0,-0.097513973815305,-0.097513973815305,-0.0975139738153002,1,0,10
43613,2014-07-04,V2G,-0.698646294802926,21.764814814814,24.1831275720155,0.9,0.0499,1.20673806584357,1.20673806584357,0.508091771040649,0.508091771040648,-0.171720128136463,1,0,10
43614,2014-07-05,V2H,0.437254065900748,1.1851851851886,1.31687242798733,0.9,0.0499,0.065711934156568,0.065711934156568,0.502966000057316,0.502966000057316,0.502083514262072,1,0,9
43614,2014-07-05,V2G,-0.0609787674325803,21.764814814814,24.1831275720155,0.9,0.0499,1.20673806584357,1.20673806584357,1.14575929841099,1.14575929841099,0.502083514262075,1,0,9
43615,2014-07-06,V2H,0.258349283848656,0,0,0.9,0.0499,0,0,0.258349283848656,0.258349283848656,0.258349283848563,1,0,6
43615,2014-07-06,V2G,-0.277296966151271,21.7648148148144,24.183127572016,0.9,0.0499,1.2067380658436,1.2067380658436,0.929441099692327,0.929441099692327,0.249629200515369,1,0,6
43616,2014-07-07,V2H,0.0597806230452897,0,0,0.9,0.0499,0,0,0.0597806230452897,0.0597806230452897,0.0597806230452594,1,0,6
43616,2014-07-07,V2G,-0.498192626954702,21.764814814814,24.1831275720155,0.9,0.0499,1.20673806584357,1.20673806584357,0.708545438888872,0.708545438888871,0.0287335397118526,1,0,6
43617,2014-07-08,V2H,0.31374821021063,0,0,0.9,0.0499,0,0,0.31374821021063,0.31374821021063,0.31374821021063,1,0,6
43617,2014-07-08,V2G,-0.241808523122853,21.764814814814,24.1831275720156,0.9,0.0499,1.20673806584358,1.20673806584358,0.964929542720724,0.964929542720724,0.285117643543822,1,0,6
43619,2014-07-10,V2H,1.00493287922905,2.61037037037134,2.90041152263482,0.9,0.0499,0.144730534979477,0.144730534979477,1.14966341420853,1.14966341420853,1.14833895947602,1,0,7
43619,2014-07-10,V2G,0.541203779228913,21.7648148148145,24.1831275720162,0.9,0.0499,1.20673806584361,1.20673806584361,1.74794184507252,1.74794184507252,1.14833895947575,1,0,7
43620,2014-07-11,V2H,1.44753148319916,0.24481481481952,0.272016460910578,0.9,0.0499,0.0135736213994378,0.0135736213994378,1.4611051045986,1.4611051045986,1.45610244986568,1,0,10
43620,2014-07-11,V2G,0.926532283199176,21.764814814814,24.1831275720155,0.9,0.0499,1.20673806584357,1.20673806584357,2.13327034904275,2.13327034904275,1.45610244986571,1,0,10
43621,2014-07-12,V2H,1.26445600833396,6.94222222222536,7.71358024691707,0.9,0.0499,0.384907654321162,0.384907654321162,1.64936366265512,1.64936366265512,1.65836547500055,1,0,9
43621,2014-07-12,V2G,0.905479156482111,21.764814814814,24.1831275720155,0.9,0.0499,1.20673806584357,1.20673806584357,2.11221722232569,2.11221722232568,1.65824358981518,1,0,9
43622,2014-07-13,V2H,1.28018936577685,4.31185185185596,4.79094650206218,0.9,0.0499,0.239068230452903,0.239068230452903,1.51925759622975,1.51925759622975,1.50652353141482,1,0,6
43622,2014-07-13,V2G,0.857531717217217,21.7648148148145,24.1831275720162,0.9,0.0499,1.20673806584361,1.20673806584361,2.06426978306082,2.06426978306082,1.50640211618824,1,0,6
43624,2014-07-15,V2H,0.72951966462137,0.463888888892527,0.515432098769474,0.9,0.0499,0.0257200617285967,0.0257200617285967,0.755239726349967,0.755239726349967,0.74576041462141,1,0,6
43624,2014-07-15,V2G,0.213824247954659,21.7648148148151,24.1831275720167,0.9,0.0499,1.20673806584363,1.20673806584363,1.42056231379829,1.42056231379829,0.745760414621255,1,0,6
43625,2014-07-16,V2H,0.461806965341082,0,0,0.9,0.0499,0,0,0.461806965341082,0.461806965341082,0.461806965341086,1,0,6
43625,2014-07-16,V2G,-0.0752111846588037,21.7648148148145,24.1831275720161,0.9,0.0499,1.2067380658436,1.2067380658436,1.1315268811848,1.1315268811848,0.451714982007671,1,0,6
43626,2014-07-17,V2H,0.4263226493109,3.54777777778057,3.94197530864508,0.9,0.0499,0.19670456790139,0.19670456790139,0.623027217212289,0.623027217212289,0.615890298282154,1,0,7
43626,2014-07-17,V2G,-0.0147118173557349,21.7648148148141,24.1831275720156,0.9,0.0499,1.20673806584358,1.20673806584358,1.19202624848784,1.19202624848784,0.615890298282082,1,0,7
43627,2014-07-18,V2H,0.133734952282442,0,0,0.9,0.0499,0,0,0.133734952282442,0.133734952282442,0.133734952282799,1,0,10
43627,2014-07-18,V2G,-0.409905081050436,21.764814814814,24.1831275720155,0.9,0.0499,1.20673806584357,1.20673806584357,0.796832984793138,0.796832984793138,0.11702108561622,1,0,10
43629,2014-07-20,V2H,1.18167947129633,5.88981481481939,6.54423868313266,0.9,0.0499,0.32655751028832,0.32655751028832,1.50823698158465,1.50823698158465,1.49564889125518,1,0,6
43629,2014-07-20,V2G,0.797345721296922,21.764814814814,24.1831275720155,0.9,0.0499,1.20673806584357,1.20673806584357,2.0040837871405,2.0040837871405,1.49564889125571,1,0,6
43630,2014-07-21,V2H,0.654020412411703,3.37166666667241,3.74629629630268,0.9,0.0499,0.186940185185504,0.186940185185504,0.840960597597207,0.840960597597207,0.831398739367192,1,0,6
43630,2014-07-21,V2G,0.208368962411794,21.7648148148142,24.1831275720158,0.9,0.0499,1.20673806584359,1.20673806584359,1.41510702825538,1.41510702825538,0.831125247597192,1,0,6
43631,2014-07-22,V2H,0.498433965184637,0.508148148152998,0.564609053503331,0.9,0.0499,0.0281739917698162,0.0281739917698162,0.526607956954453,0.526607956954453,0.517687621152109,1,0,6
43631,2014-07-22,V2G,-0.0168259348150317,21.7648148148148,24.1831275720164,0.9,0.0499,1.20673806584362,1.20673806584362,1.18991213102859,1.18991213102859,0.517175735966841,1,0,6
43632,2014-07-23,V2H,0.368545467099857,0.523703703709231,0.581893004121367,0.9,0.0499,0.0290364609056562,0.0290364609056562,0.397581928005513,0.397581928005513,0.387343221009419,1,0,6
43632,2014-07-23,V2G,-0.145701832900141,21.7648148148139,24.1831275720155,0.9,0.0499,1.20673806584357,1.20673806584357,1.06103623294343,1.06103623294343,0.387343221008996,1,0,6
43633,2014-07-24,V2H,0.327924187981067,3.72777777777701,4.14197530864112,0.9,0.0499,0.206684567901192,0.206684567901192,0.534608755882259,0.534608755882259,0.525666794359628,1,0,7
43633,2014-07-24,V2G,-0.1087524786856,21.7648148148141,24.1831275720156,0.9,0.0499,1.20673806584358,1.20673806584358,1.09798558715798,1.09798558715798,0.525666794359626,1,0,7
43635,2014-07-26,V2H,0.951966845186379,4.54037037037497,5.0448559670833,0.9,0.0499,0.251738312757456,0.251738312757456,1.20370515794384,1.20370515794384,1.19438099662672,1,0,9
43635,2014-07-26,V2G,0.534963045186508,21.764814814814,24.1831275720155,0.9,0.0499,1.20673806584357,1.20673806584357,1.74170111103008,1.74170111103008,1.19438099662678,1,0,9
43636,2014-07-27,V2H,1.21146034115066,3.67240740741374,4.08045267490415,0.9,0.0499,0.203614588477717,0.203614588477717,1.41507492962838,1.41507492962838,1.40633741131527,1,0,6
43636,2014-07-27,V2G,0.773443157817362,21.7648148148139,24.1831275720155,0.9,0.0499,1.20673806584357,1.20673806584357,1.98018122366094,1.98018122366094,1.40633741131508,1,0,6
43637,2014-07-28,V2H,1.21026150751636,1.88500000000656,2.09444444445174,0.9,0.0499,0.104512777778142,0.104512777778142,1.3147742852945,1.3147742852945,1.30543877150835,1,0,6
43637,2014-07-28,V2G,0.728971190849549,21.7648148148146,24.1831275720162,0.9,0.0499,1.20673806584361,1.20673806584361,1.93570925669316,1.93570925669316,1.30543877150777,1,0,6
43638,2014-07-29,V2H,0.598417156029669,0.670370370375927,0.744855967084364,0.9,0.0499,0.0371683127575098,0.0371683127575098,0.635585468787178,0.635585468787178,0.626734327017541,1,0,6
43638,2014-07-29,V2G,0.0877206560296872,21.7648148148139,24.1831275720154,0.9,0.0499,1.20673806584357,1.20673806584357,1.29445872187326,1.29445872187326,0.626734327017175,1,0,6
43640,2014-07-31,V2H,0.150493715891957,2.63648148148322,2.92942386831468,0.9,0.0499,0.146178251028903,0.146178251028903,0.29667196692086,0.29667196692086,0.29517722515138,1,0,7
43640,2014-07-31,V2G,-0.312603234107903,21.7648148148141,24.1831275720156,0.9,0.0499,1.20673806584358,1.20673806584358,0.894134831735677,0.894134831735676,0.295177225151272,1,0,7
43641,2014-08-01,V2H,0.480326250433122,0,0,0.9,0.0499,0,0,0.480326250433122,0.480326250433122,0.480326250433122,1,0,10
43641,2014-08-01,V2G,-0.0962079995668895,21.764814814813,24.1831275720145,0.9,0.0499,1.20673806584352,1.20673806584352,1.11053006627663,1.11053006627663,0.430718167099686,1,0,10
43642,2014-08-02,V2H,0.327236564801131,1.49611111111366,1.66234567901518,0.9,0.0499,0.0829510493828575,0.0829510493828575,0.410187614183989,0.410187614183989,0.408386355748067,1,0,9
43642,2014-08-02,V2G,-0.163543341988412,21.764814814814,24.1831275720155,0.9,0.0499,1.20673806584358,1.20673806584358,1.04319472385516,1.04319472385516,0.408311765624683,1,0,9
43643,2014-08-03,V2H,0.134996404855086,1.08962962962901,1.21069958847668,0.9,0.0499,0.0604139094649864,0.0604139094649863,0.195410314320073,0.195410314320073,0.18007449662455,1,0,6
43643,2014-08-03,V2G,-0.365640183622288,21.764814814814,24.1831275720155,0.9,0.0499,1.20673806584358,1.20673806584358,0.841097882221288,0.841097882221287,0.179984141480561,1,0,6
43644,2014-08-04,V2H,0.246701167880451,0,0,0.9,0.0499,0,0,0.246701167880451,0.246701167880451,0.246701167880447,1,0,6
43644,2014-08-04,V2G,-0.30717879878637,21.7648148148154,24.1831275720171,0.9,0.0499,1.20673806584365,1.20673806584365,0.899559267057285,0.899559267057284,0.219747367880442,1,0,6
43646,2014-08-06,V2H,0.273644277459426,0,0,0.9,0.0499,0,0,0.273644277459426,0.273644277459426,0.273644277459426,1,0,6
43646,2014-08-06,V2G,-0.312282555873916,21.7648148148139,24.1831275720155,0.9,0.0499,1.20673806584357,1.20673806584357,0.894455509969657,0.894455509969656,0.21464361079276,1,0,6
43647,2014-08-07,V2H,0.563605506186542,2.59166666666601,2.87962962962891,0.9,0.0499,0.143693518518482,0.143693518518482,0.707299024705024,0.707299024705024,0.705626427585744,1,0,7
43647,2014-08-07,V2G,0.0994235895198445,21.7648148148141,24.1831275720156,0.9,0.0499,1.20673806584358,1.20673806584358,1.30616165536343,1.30616165536342,0.705626427585675,1,0,7
43648,2014-08-08,V2H,0.468178367099961,0,0,0.9,0.0499,0,0,0.468178367099961,0.468178367099961,0.468178367099859,1,0,10
43648,2014-08-08,V2G,-0.120626517262319,21.764814814814,24.1831275720156,0.9,0.0499,1.20673806584358,1.20673806584358,1.08611154858126,1.08611154858126,0.406299649404302,1,0,10
43649,2014-08-09,V2H,0.00939223177108382,1.42574074074055,1.58415637860061,0.9,0.0499,0.0790494032921705,0.0790494032921705,0.0884416350632544,0.0884416350632544,0.0871011455065231,1,0,9
43649,2014-08-09,V2G,-0.483091341685489,21.7648148148147,24.1831275720163,0.9,0.0499,1.20673806584361,1.20673806584361,0.723646724158124,0.723646724158124,0.0870265553829607,1,0,9
43651,2014-08-11,V2H,0.208022195633019,0,0,0.9,0.0499,0,0,0.208022195633019,0.208022195633019,0.208022195633019,1,0,6
43651,2014-08-11,V2G,-0.353509087700337,21.7648148148154,24.1831275720171,0.9,0.0499,1.20673806584365,1.20673806584365,0.853228978143315,0.853228978143315,0.173417078966311,1,0,6
43652,2014-08-12,V2H,0.165152395338727,0,0,0.9,0.0499,0,0,0.165152395338727,0.165152395338727,0.165152395338685,1,0,6
43652,2014-08-12,V2G,-0.390933371327941,21.764814814814,24.1831275720156,0.9,0.0499,1.20673806584358,1.20673806584358,0.815804694515636,0.815804694515635,0.135992795338609,1,0,6
43653,2014-08-13,V2H,0.157909396267869,0,0,0.9,0.0499,0,0,0.157909396267869,0.157909396267869,0.157909396267814,1,0,6
43653,2014-08-13,V2G,-0.430160470398857,21.7648148148139,24.1831275720155,0.9,0.0499,1.20673806584357,1.20673806584357,0.776577595444715,0.776577595444715,0.0967656962677931,1,0,6
43654,2014-08-14,V2H,0.491126780868386,2.68407407407332,2.98230452674813,0.9,0.0499,0.148816995884732,0.148816995884732,0.639943776753117,0.639943776753117,0.638063051033002,1,0,7
43654,2014-08-14,V2G,0.029182047535044,21.7648148148141,24.1831275720156,0.9,0.0499,1.20673806584358,1.20673806584358,1.23592011337862,1.23592011337862,0.638063051032952,1,0,7
43655,2014-08-15,V2H,0.244694565796878,0,0,0.9,0.0499,0,0,0.244694565796878,0.244694565796878,0.244694565796955,1,0,10
43655,2014-08-15,V2G,-0.343887784203136,21.764814814814,24.1831275720155,0.9,0.0499,1.20673806584357,1.20673806584357,0.862850281640438,0.862850281640437,0.183038382463526,1,0,10
43657,2014-08-17,V2H,0.256273420702498,0.130555555555855,0.145061728395394,0.9,0.0499,0.00723858024693017,0.00723858024693017,0.263512000949428,0.263512000949428,0.26106772420024,1,0,6
43657,2014-08-17,V2G,-0.267605998639234,21.7648148148139,24.1831275720155,0.9,0.0499,1.20673806584357,1.20673806584357,0.939132067204339,0.939132067204339,0.260953721525268,1,0,6
43658,2014-08-18,V2H,0.296215251900267,0,0,0.9,0.0499,0,0,0.296215251900267,0.296215251900267,0.29621525190033,1,0,6
43658,2014-08-18,V2G,-0.255088181433121,21.764814814813,24.1831275720144,0.9,0.0499,1.20673806584352,1.20673806584352,0.9516498844104,0.951649884410399,0.271837985233648,1,0,6
43659,2014-08-19,V2H,0.142333977200352,0,0,0.9,0.0499,0,0,0.142333977200352,0.142333977200352,0.14233397720031,1,0,6
43659,2014-08-19,V2G,-0.411770156132938,21.7648148148144,24.183127572016,0.9,0.0499,1.2067380658436,1.2067380658436,0.794967909710661,0.794967909710661,0.115156010533621,1,0,6
43660,2014-08-20,V2H,0.336356098489913,0,0,0.9,0.0499,0,0,0.336356098489913,0.336356098489913,0.336356098489748,1,0,6
43660,2014-08-20,V2G,-0.252175551510111,21.7648148148139,24.1831275720155,0.9,0.0499,1.20673806584357,1.20673806584357,0.954562514333462,0.954562514333461,0.274750615156535,1,0,6
43662,2014-08-22,V2H,0.854822869497164,0,0,0.9,0.0499,0,0,0.854822869497164,0.854822869497164,0.854822869496935,1,0,10
43662,2014-08-22,V2G,0.323023319496976,21.764814814814,24.1831275720155,0.9,0.0499,1.20673806584357,1.20673806584357,1.52976138534055,1.52976138534055,0.849949486163592,1,0,10
43663,2014-08-23,V2H,1.35207183999872,4.07203703704013,4.52448559671126,0.9,0.0499,0.225771831275892,0.225771831275892,1.57784367127461,1.57784367127461,1.56864060296186,1,0,9
43663,2014-08-23,V2G,0.923729689999054,21.764814814814,24.1831275720155,0.9,0.0499,1.20673806584357,1.20673806584357,2.13046775584263,2.13046775584263,1.56864060296196,1,0,9
43664,2014-08-24,V2H,1.05954646433489,3.93092592592943,4.36769547325492,0.9,0.0499,0.21794800411542,0.21794800411542,1.27749446845031,1.27749446845031,1.2629366859399,1,0,6
43664,2014-08-24,V2G,0.627788014335018,21.764814814814,24.1831275720155,0.9,0.0499,1.20673806584357,1.20673806584357,1.83452608017859,1.83452608017859,1.2629366859397,1,0,6
43665,2014-08-25,V2H,1.37369706797287,4.17203703704328,4.63559670782587,0.9,0.0499,0.231316275720511,0.231316275720511,1.60501334369338,1.60501334369338,1.59558322599779,1,0,6
43665,2014-08-25,V2G,0.94777591797286,21.7648148148138,24.1831275720153,0.9,0.0499,1.20673806584356,1.20673806584356,2.15451398381642,2.15451398381642,1.59558322599751,1,0,6
43666,2014-08-26,V2H,1.23566962137225,1.57259259259366,1.74732510288184,0.9,0.0499,0.0871915226338039,0.0871915226338039,1.32286114400606,1.32286114400606,1.31235632589933,1,0,6
43666,2014-08-26,V2G,0.746815921372331,21.764814814814,24.1831275720156,0.9,0.0499,1.20673806584358,1.20673806584358,1.95355398721591,1.95355398721591,1.31235632589884,1,0,6
43668,2014-08-28,V2H,1.55725881939006,4.0816666666659,4.53518518518434,0.9,0.0499,0.226305740740698,0.226305740740698,1.78356456013076,1.78356456013076,1.77400199696185,1,0,7
43668,2014-08-28,V2G,1.12914980272348,21.7648148148141,24.1831275720156,0.9,0.0499,1.20673806584358,1.20673806584358,2.33588786856706,2.33588786856706,1.77400199696205,1,0,7
43669,2014-08-29,V2H,0.950580374795419,0.401851851859568,0.446502057621743,0.9,0.0499,0.022280452675325,0.022280452675325,0.972860827470744,0.972860827470744,0.964649208128889,1,0,10
43669,2014-08-29,V2G,0.433300568828219,21.764814814814,24.1831275720155,0.9,0.0499,1.20673806584357,1.20673806584357,1.64003863467179,1.64003863467179,0.964566735494859,1,0,10
43670,2014-08-30,V2H,0.927932822469151,3.56259259259668,3.95843621399631,0.9,0.0499,0.197525967078416,0.197525967078416,1.12545878954757,1.12545878954757,1.11648277061738,1,0,9
43670,2014-08-30,V2G,0.487257022469262,21.764814814814,24.1831275720155,0.9,0.0499,1.20673806584357,1.20673806584357,1.69399508831283,1.69399508831283,1.11648277061739,1,0,9
43671,2014-08-31,V2H,1.24565322335439,0.806296296299319,0.89588477366591,0.9,0.0499,0.0447046502059289,0.0447046502059289,1.29035787356032,1.29035787356032,1.27650643775786,1,0,6
43671,2014-08-31,V2G,0.737894156687825,21.7648148148139,24.1831275720155,0.9,0.0499,1.20673806584357,1.20673806584357,1.9446322225314,1.9446322225314,1.27618625463018,1,0,6
43673,2014-09-02,V2H,0.86991390542104,0.556111111116088,0.617901234573431,0.9,0.0499,0.0308332716052142,0.0308332716052142,0.900747177026254,0.900747177026254,0.899021601717739,1,0,6
43673,2014-09-02,V2G,0.356451188754631,21.764814814814,24.1831275720156,0.9,0.0499,1.20673806584358,1.20673806584358,1.56318925459821,1.56318925459821,0.899021601717742,1,0,6
43674,2014-09-03,V2H,0.511136167926633,0,0,0.9,0.0499,0,0,0.511136167926633,0.511136167926633,0.511136167926633,1,0,6
43674,2014-09-03,V2G,-0.0225060320734897,21.764814814814,24.1831275720156,0.9,0.0499,1.20673806584358,1.20673806584358,1.18423203377009,1.18423203377009,0.504420134593189,1,0,6
43675,2014-09-04,V2H,1.55076714317167,3.05462962962918,3.3940329218102,0.9,0.0499,0.169362242798329,0.169362242798329,1.72012938597,1.72012938597,1.71889196683412,1,0,7
43675,2014-09-04,V2G,1.09779355983834,21.7648148148141,24.1831275720156,0.9,0.0499,1.20673806584358,1.20673806584358,2.30453162568192,2.30453162568191,1.71889196683418,1,0,7
43676,2014-09-05,V2H,1.21458620612575,1.77685185185403,1.97427983539337,0.9,0.0499,0.0985165637861292,0.0985165637861292,1.31310276991188,1.31310276991188,1.30671889810117,1,0,10
43676,2014-09-05,V2G,0.730677622792566,21.764814814814,24.1831275720155,0.9,0.0499,1.20673806584357,1.20673806584357,1.93741568863614,1.93741568863614,1.30671889810117,1,0,10
43678,2014-09-07,V2H,0.676013307649431,0.943333333336323,1.04814814815147,0.9,0.0499,0.0523025925927583,0.0523025925927584,0.72831590024219,0.72831590024219,0.715155568348531,1,0,6
43678,2014-09-07,V2G,0.171426650859271,21.764814814814,24.1831275720155,0.9,0.0499,1.20673806584357,1.20673806584357,1.37816471670285,1.37816471670285,0.714696758472109,1,0,6
43679,2014-09-08,V2H,0.362388183600155,1.28166666667185,1.42407407407984,0.9,0.0499,0.0710612962965839,0.0710612962965839,0.433449479896739,0.433449479896739,0.430040352324141,1,0,6
43679,2014-09-08,V2G,-0.133508833066812,21.764814814814,24.1831275720155,0.9,0.0499,1.20673806584357,1.20673806584357,1.07322923277676,1.07322923277676,0.430040352324099,1,0,6
43680,2014-09-09,V2H,0.48545998437593,0.235740740746571,0.261934156385079,0.9,0.0499,0.0130705144036155,0.0130705144036155,0.498530498779545,0.498530498779545,0.497141713388487,1,0,6
43680,2014-09-09,V2G,-0.0357588989576148,21.764814814814,24.1831275720156,0.9,0.0499,1.20673806584358,1.20673806584358,1.17097916688596,1.17097916688596,0.497141713388021,1,0,6
43681,2014-09-10,V2H,0.805107863586684,0,0,0.9,0.0499,0,0,0.805107863586684,0.805107863586684,0.80510786358679,1,0,6
43681,2014-09-10,V2G,0.260239396920098,21.7648148148142,24.1831275720158,0.9,0.0499,1.20673806584359,1.20673806584359,1.46697746276368,1.46697746276368,0.787165563586838,1,0,6
43682,2014-09-11,V2H,1.18594775533664,3.13425925925849,3.48251028806499,0.9,0.0499,0.173777263374443,0.173777263374443,1.35972501871108,1.35972501871108,1.35840056397857,1,0,7
43682,2014-09-11,V2G,0.734902005336718,21.7648148148143,24.1831275720159,0.9,0.0499,1.20673806584359,1.20673806584359,1.94164007118031,1.94164007118031,1.35840056397858,1,0,7
43684,2014-09-13,V2H,0.924743681212672,3.07962962963387,3.42181069959319,0.9,0.0499,0.1707483539097,0.1707483539097,1.09549203512237,1.09549203512237,1.09193871228281,1,0,9
43684,2014-09-13,V2G,0.472375347878995,21.764814814814,24.1831275720155,0.9,0.0499,1.20673806584357,1.20673806584357,1.67911341372257,1.67911341372257,1.09193871228251,1,0,9
43685,2014-09-14,V2H,0.923731236934634,1.338703703707,1.48744855967445,0.9,0.0499,0.0742236831277548,0.0742236831277548,0.997954920062389,0.997954920062389,0.982267406688073,1,0,6
43685,2014-09-14,V2G,0.429166261831863,21.7648148148139,24.1831275720154,0.9,0.0499,1.20673806584357,1.20673806584357,1.63590432767543,1.63590432767543,0.982218581584919,1,0,6
43686,2014-09-15,V2H,0.893592176520428,2.90907407408059,3.23230452675621,0.9,0.0499,0.161291995885135,0.161291995885135,1.05488417240556,1.05488417240556,1.05028263824918,1,0,6
43686,2014-09-15,V2G,0.437094693187106,21.7648148148158,24.1831275720176,0.9,0.0499,1.20673806584368,1.20673806584368,1.64383275903078,1.64383275903078,1.05028263824875,1,0,6
43687,2014-09-16,V2H,0.66830947466595,0.729074074079158,0.810082304532397,0.9,0.0499,0.0404231069961666,0.0404231069961666,0.708732581662116,0.708732581662116,0.704626771991154,1,0,6
43687,2014-09-16,V2G,0.159034191332759,21.764814814814,24.1831275720156,0.9,0.0499,1.20673806584358,1.20673806584358,1.36577225717634,1.36577225717634,0.704626771991338,1,0,6
43689,2014-09-18,V2H,1.29297566829699,3.2179629629622,3.57551440329133,0.9,0.0499,0.178418168724237,0.178418168724237,1.47139383702123,1.47139383702123,1.46969475080729,1,0,7
43689,2014-09-18,V2G,0.843956384963614,21.7648148148141,24.1831275720156,0.9,0.0499,1.20673806584358,1.20673806584358,2.05069445080719,2.05069445080719,1.4696947508072,1,0,7
43690,2014-09-19,V2H,1.09494279045489,0,0,0.9,0.0499,0,0,1.09494279045489,1.09494279045489,1.09494279045489,1,0,10
43690,2014-09-19,V2G,0.56489174045487,21.764814814814,24.1831275720155,0.9,0.0499,1.20673806584357,1.20673806584357,1.77162980629844,1.77162980629844,1.0918179071215,1,0,10
43691,2014-09-20,V2H,1.53863335418665,3.29814814815089,3.66460905350099,0.9,0.0499,0.1828639917697,0.1828639917697,1.72149734595635,1.72149734595635,1.71282027538013,1,0,9
43691,2014-09-20,V2G,1.09155535418685,21.7648148148139,24.1831275720155,0.9,0.0499,1.20673806584357,1.20673806584357,2.29829342003042,2.29829342003042,1.71282027538023,1,0,9
43692,2014-09-21,V2H,1.00766854639965,5.33166666667089,5.92407407407876,0.9,0.0499,0.29561129629653,0.29561129629653,1.30327984269618,1.30327984269618,1.29320981965077,1,0,6
43692,2014-09-21,V2G,0.609822029733105,21.7648148148139,24.1831275720155,0.9,0.0499,1.20673806584357,1.20673806584357,1.81656009557668,1.81656009557668,1.29320981965076,1,0,6
43693,2014-09-22,V2H,0.700556371180789,2.65981481482162,2.95534979424625,0.9,0.0499,0.147471954732888,0.147471954732888,0.848028325913677,0.848028325913677,0.846238419946127,1,0,6
43693,2014-09-22,V2G,0.238024321180732,21.764814814814,24.1831275720155,0.9,0.0499,1.20673806584357,1.20673806584357,1.44476238702431,1.44476238702431,0.84623841994599,1,0,6
43695,2014-09-24,V2H,0.7156895845927,0.603333333340565,0.670370370378406,0.9,0.0499,0.0334514814818824,0.0334514814818824,0.749141066074582,0.749141066074582,0.747706870807259,1,0,6
43695,2014-09-24,V2G,0.203370117926621,21.7648148148139,24.1831275720155,0.9,0.0499,1.20673806584357,1.20673806584357,1.41010818377019,1.41010818377019,0.747706870807246,1,0,6
43696,2014-09-25,V2H,1.44880392129705,3.64648148148203,4.05164609053559,0.9,0.0499,0.202177139917726,0.202177139917726,1.65098106121478,1.65098106121478,1.64495290010348,1,0,7
43696,2014-09-25,V2G,1.01015907129702,21.7648148148143,24.1831275720159,0.9,0.0499,1.20673806584359,1.20673806584359,2.21689713714061,2.21689713714061,1.64495290010356,1,0,7
43697,2014-09-26,V2H,1.29835710874567,0.873703703708344,0.970781893009271,0.9,0.0499,0.0484420164611626,0.0484420164611626,1.34679912520684,1.34679912520684,1.33546936100909,1,0,10
43697,2014-09-26,V2G,0.792583308745512,21.764814814814,24.1831275720155,0.9,0.0499,1.20673806584357,1.20673806584357,1.99932137458909,1.99932137458909,1.33546936100885,1,0,10
43698,2014-09-27,V2H,1.57369937178215,4.10055555555884,4.55617283950982,0.9,0.0499,0.22735302469154,0.22735302469154,1.80105239647369,1.80105239647369,1.78977561046537,1,0,9
43698,2014-09-27,V2G,1.14604765511537,21.764814814814,24.1831275720155,0.9,0.0499,1.20673806584357,1.20673806584357,2.35278572095895,2.35278572095895,1.78977561046511,1,0,9
43700,2014-09-29,V2H,1.33417483463932,2.01629629630087,2.24032921811207,0.9,0.0499,0.111792427983792,0.111792427983792,1.44596726262311,1.44596726262311,1.43941310377546,1,0,6
43700,2014-09-29,V2G,0.85606320130617,21.764814814814,24.1831275720155,0.9,0.0499,1.20673806584357,1.20673806584357,2.06280126714974,2.06280126714974,1.43941310377527,1,0,6
43701,2014-09-30,V2H,1.27124758796323,2.19129629629978,2.43477366255531,0.9,0.0499,0.12149520576151,0.12149520576151,1.39274279372474,1.39274279372474,1.38627188631735,1,0,6
43701,2014-09-30,V2G,0.797372704630234,21.764814814814,24.1831275720156,0.9,0.0499,1.20673806584358,1.20673806584358,2.00411077047381,2.00411077047381,1.38627188631742,1,0,6
43702,2014-10-01,V2H,0.987801404629889,2.76925925926605,3.07695473251783,0.9,0.0499,0.15354004115264,0.15354004115264,1.14134144578253,1.14134144578253,1.14015322067949,1,0,6
43702,2014-10-01,V2G,0.527919004630249,21.764814814814,24.1831275720156,0.9,0.0499,1.20673806584358,1.20673806584358,1.73465707047383,1.73465707047383,1.14015322067958,1,0,6
