DayID,CalendarDate,OldValidPair,OldV2HCost_GBP,OldV2GCost_GBP,CertifiedUncappedV2H,CertifiedCappedV2H,AccuracyChangeV2H_GBP,ReserveChangeV2H_GBP,CertifiedUncappedV2G,CertifiedCappedV2G,AccuracyChangeV2G_GBP,ReserveChangeV2G_GBP
43593,2014-06-14,1,0.526651131401,0.0446818412774,0.526257131401,0.526257131401,-0.000393999999956,0,0.0439490980675,0.0439490980675,-0.000732743209877,0
43594,2014-06-15,1,0.615774096112,0.0816115794457,0.543604096112,0.543604096112,-0.07217,0,0.0616335794455,0.0616335794455,-0.0199780000002,0
43595,2014-06-16,1,0.538338746083,-0.00892443725016,0.491140079417,0.491140079417,-0.0471986666667,0,-0.0630764372501,-0.0630764372501,-0.054152,0
43597,2014-06-18,1,0.340035630865,-0.270456382143,0.273575800433,0.273575800433,-0.0664598304318,0,-0.288292766234,-0.288292766234,-0.0178363840907,0
43598,2014-06-19,1,0.565097409934,0.130913326601,0.565097409934,0.565097409934,0,0,0.104905659934,0.104905659934,-0.0260076666666,0
43599,2014-06-20,1,0.292505038235,-0.301118702999,0.291222783767,0.291222783767,-0.00128225446797,0,-0.302106049567,-0.302106049567,-0.000987346568223,0
43600,2014-06-21,1,-0.0507151217841,-0.536215288451,-0.0508317884506,-0.0508317884506,-0.000116666666566,0,-0.536331955117,-0.536331955117,-0.000116666666778,0
43602,2014-06-23,1,0.254926793111,-0.308500458972,0.213477186502,0.213477186502,-0.0414496066089,0,-0.338989013498,-0.338989013498,-0.0304885545257,0
43603,2014-06-24,1,0.276533490728,-0.246343228022,0.270342490728,0.270342490728,-0.00619099999999,0,-0.277677759272,-0.277677759272,-0.03133453125,0
43604,2014-06-25,1,0.148376806379,-0.440352962963,0.143788513442,0.143788513442,-0.00458829293642,0,-0.445025586558,-0.445025586558,-0.00467262359494,0
43605,2014-06-26,1,0.205065477339,-0.251157439328,0.205065477339,0.205065477339,0,0,-0.258578439328,-0.258578439328,-0.0074210000001,0
43606,2014-06-27,1,0.256475820183,-0.341535129817,0.242342237496,0.242342237496,-0.0141335826871,0,-0.346915712504,-0.346915712504,-0.00538058268698,0
43608,2014-06-29,1,0.301026621028,-0.231646966645,0.300701981091,0.300701981091,-0.000324639936604,0,-0.231788002242,-0.231788002242,-0.000141035596839,0
43609,2014-06-30,1,0.212821873045,-0.346267726955,0.198132385845,0.198132385845,-0.0146894871999,0,-0.360957214155,-0.360957214155,-0.0146894871999,0
43610,2014-07-01,1,0.236663710395,-0.318919922938,0.221944710395,0.221944710395,-0.014719,0,-0.333638922938,-0.333638922938,-0.0147190000001,0
43611,2014-07-02,1,0.0192262934631,-0.535931011581,0.011644355963,0.011644355963,-0.00758193750011,0,-0.54709242737,-0.54709242737,-0.0111614157896,0
43613,2014-07-04,1,-0.0374890983008,-0.69163360733,-0.0975139738153,-0.0975139738153,-0.0600248755145,0,-0.698646294803,-0.698646294803,-0.00701268747255,0
43614,2014-07-05,1,0.451570694386,-0.0466821389469,0.437254065901,0.437254065901,-0.0143166284857,0,-0.0609787674326,-0.0609787674326,-0.0142966284857,0
43615,2014-07-06,1,0.276747158502,-0.260006869891,0.258349283849,0.258349283849,-0.0183978746538,0,-0.277296966151,-0.277296966151,-0.0172900962605,0
43616,2014-07-07,1,0.0744859563786,-0.483487293621,0.0597806230453,0.0597806230453,-0.0147053333333,0,-0.498192626955,-0.498192626955,-0.0147053333333,0
43617,2014-07-08,1,0.353306647711,-0.241808523123,0.313748210211,0.313748210211,-0.0395584374999,0,-0.241808523123,-0.241808523123,0,0
43619,2014-07-10,1,1.00493287923,0.541203779229,1.00493287923,1.00493287923,0,0,0.541203779229,0.541203779229,-9.99200722163e-16,0
43620,2014-07-11,0,,,,1.4475314832,,,,0.926532283199,,
43621,2014-07-12,0,,,,1.26445600833,,,,0.905479156482,,
43622,2014-07-13,1,1.36205957286,0.933653669435,1.28018936578,1.28018936578,-0.0818702070804,0,0.857531717217,0.857531717217,-0.0761219522175,0
43624,2014-07-15,1,0.741468997955,0.225500247955,0.729519664621,0.729519664621,-0.0119493333333,0,0.213824247955,0.213824247955,-0.0116760000001,0
43625,2014-07-16,1,0.493123298674,-0.0693938513254,0.461806965341,0.461806965341,-0.031316333333,0,-0.0752111846588,-0.0752111846588,-0.00581733333336,0
43626,2014-07-17,1,0.426459315978,-0.0147118173557,0.426322649311,0.426322649311,-0.0001366666667,0,-0.0147118173557,-0.0147118173557,-1.00613961607e-16,0
43627,2014-07-18,1,0.157556243505,-0.40990508105,0.133734952282,0.133734952282,-0.0238212912223,0,-0.40990508105,-0.40990508105,0,0
43629,2014-07-20,0,,,,1.1816794713,,,,0.797345721297,,
43630,2014-07-21,1,0.654020412412,0.213963295746,0.654020412412,0.654020412412,0,0,0.208368962412,0.208368962412,-0.00559433333375,0
43631,2014-07-22,1,0.498433965185,-0.0166892681483,0.498433965185,0.498433965185,0,0,-0.016825934815,-0.016825934815,-0.000136666666743,0
43632,2014-07-23,1,0.375214800433,-0.1457018329,0.3685454671,0.3685454671,-0.00666933333331,0,-0.1457018329,-0.1457018329,0,0
43633,2014-07-24,1,0.350296521315,-0.0863801453521,0.327924187981,0.327924187981,-0.0223723333335,0,-0.108752478686,-0.108752478686,-0.0223723333335,0
43635,2014-07-26,0,,,,0.951966845186,,,,0.534963045187,,
43636,2014-07-27,1,1.23809883292,0.823940255819,1.21146034115,1.21146034115,-0.0266384917694,0,0.773443157817,0.773443157817,-0.0504970980015,0
43637,2014-07-28,1,1.23530350752,0.801423918755,1.21026150752,1.21026150752,-0.0250419999993,0,0.72897119085,0.72897119085,-0.0724527279052,0
43638,2014-07-29,1,0.610548489363,0.116712129392,0.59841715603,0.59841715603,-0.0121313333332,0,0.0877206560297,0.0877206560297,-0.0289914733621,0
43640,2014-07-31,1,0.184922751706,-0.281716567441,0.150493715892,0.150493715892,-0.0344290358142,0,-0.312603234108,-0.312603234108,-0.0308866666667,0
43641,2014-08-01,1,0.490526250433,-0.0922946662335,0.480326250433,0.480326250433,-0.0102000000001,0,-0.0962079995669,-0.0962079995669,-0.0039133333334,0
43642,2014-08-02,1,0.327236564801,-0.0709100775866,0.327236564801,0.327236564801,0,0,-0.163543341988,-0.163543341988,-0.0926332644018,0
43643,2014-08-03,1,0.135358279855,-0.365368890978,0.134996404855,0.134996404855,-0.000361875000088,0,-0.365640183622,-0.365640183622,-0.00027129264406,0
43644,2014-08-04,1,0.312126954756,-0.303283798786,0.24670116788,0.24670116788,-0.0654257868755,0,-0.307178798786,-0.307178798786,-0.00389500000016,0
43646,2014-08-06,1,0.340440479391,-0.239585982633,0.273644277459,0.273644277459,-0.066796201932,0,-0.312282555874,-0.312282555874,-0.0726965732406,0
43647,2014-08-07,1,0.566721506187,0.113718922853,0.563605506187,0.563605506187,-0.003116,0,0.0994235895198,0.0994235895198,-0.0142953333333,0
43648,2014-08-08,1,0.540260754116,-0.0902734138429,0.4681783671,0.4681783671,-0.0720823870165,0,-0.120626517262,-0.120626517262,-0.0303531034194,0
43649,2014-08-09,1,0.00939223177108,-0.483016751562,0.00939223177108,0.00939223177108,0,0,-0.483091341685,-0.483091341685,-7.4590123223e-05,0
43651,2014-08-11,1,0.279036926601,-0.3535090877,0.208022195633,0.208022195633,-0.0710147309678,0,-0.3535090877,-0.3535090877,0,0
43652,2014-08-12,1,0.186650062005,-0.390933371328,0.165152395339,0.165152395339,-0.0214976666667,0,-0.390933371328,-0.390933371328,0,0
43653,2014-08-13,1,0.217966070868,-0.411934547315,0.157909396268,0.157909396268,-0.0600566746002,0,-0.430160470399,-0.430160470399,-0.018225923084,0
43654,2014-08-14,1,0.491126780868,0.0328857142017,0.491126780868,0.491126780868,0,0,0.029182047535,0.029182047535,-0.00370366666667,0
43655,2014-08-15,1,0.253296773922,-0.261363242744,0.244694565797,0.244694565797,-0.00860220812556,0,-0.343887784203,-0.343887784203,-0.082524541459,0
43657,2014-08-17,1,0.270371254036,-0.264387916047,0.256273420702,0.256273420702,-0.0140978333334,0,-0.267605998639,-0.267605998639,-0.00321808259187,0
43658,2014-08-18,1,0.311533182048,-0.237069584619,0.2962152519,0.2962152519,-0.015317930148,0,-0.255088181433,-0.255088181433,-0.0180185968145,0
43659,2014-08-19,1,0.158778003609,-0.395326129725,0.1423339772,0.1423339772,-0.0164440264082,0,-0.411770156133,-0.411770156133,-0.0164440264082,0
43660,2014-08-20,1,0.35009109849,-0.23261855151,0.33635609849,0.33635609849,-0.0137349999998,0,-0.25217555151,-0.25217555151,-0.019557,0
43662,2014-08-22,1,0.869402536163,0.360422407898,0.854822869497,0.854822869497,-0.0145796666661,0,0.323023319497,0.323023319497,-0.0373990884005,0
43663,2014-08-23,0,,,,1.35207184,,,,0.923729689999,,
43664,2014-08-24,1,1.05954646433,0.686689879118,1.05954646433,1.05954646433,0,0,0.627788014335,0.627788014335,-0.0589018647833,0
43665,2014-08-25,0,,,,1.37369706797,,,,0.947775917973,,
43666,2014-08-26,1,1.23566962137,0.776821612727,1.23566962137,1.23566962137,-1.1990408666e-13,0,0.746815921372,0.746815921372,-0.0300056913547,0
43668,2014-08-28,1,1.55725881939,1.12914980272,1.55725881939,1.55725881939,0,0,1.12914980272,1.12914980272,0,0
43669,2014-08-29,1,0.950580374795,0.461017325236,0.950580374795,0.950580374795,0,0,0.433300568828,0.433300568828,-0.0277167564076,0
43670,2014-08-30,1,0.944901828025,0.509580744345,0.927932822469,0.927932822469,-0.0169690055556,0,0.487257022469,0.487257022469,-0.0223237218758,0
43671,2014-08-31,0,,,,1.24565322335,,,,0.737894156688,,
43673,2014-09-02,1,0.869913905421,0.40994609944,0.869913905421,0.869913905421,0,0,0.356451188755,0.356451188755,-0.0534949106855,0
43674,2014-09-03,1,0.52499950126,-0.00536973270359,0.511136167927,0.511136167927,-0.0138633333331,0,-0.0225060320735,-0.0225060320735,-0.0171362993699,0
43675,2014-09-04,0,,,,1.55076714317,,,,1.09779355984,,
43676,2014-09-05,1,1.21458620613,0.801590344238,1.21458620613,1.21458620613,0,0,0.730677622793,0.730677622793,-0.0709127214454,0
43678,2014-09-07,1,0.676013307649,0.1930111468,0.676013307649,0.676013307649,0,0,0.171426650859,0.171426650859,-0.0215844959403,0
43679,2014-09-08,1,0.396117516933,-0.104480833067,0.3623881836,0.3623881836,-0.033729333333,0,-0.133508833067,-0.133508833067,-0.029028,0
43680,2014-09-09,1,0.497595984376,-0.0357588989576,0.485459984376,0.485459984376,-0.0121359999997,0,-0.0357588989576,-0.0357588989576,-9.71445146547e-17,0
43681,2014-09-10,1,0.80702119692,0.308071491841,0.805107863587,0.805107863587,-0.00191333333349,0,0.26023939692,0.26023939692,-0.0478320949205,0
43682,2014-09-11,1,1.18594775534,0.818902005337,1.18594775534,1.18594775534,0,0,0.734902005337,0.734902005337,-0.0839999999999,0
43684,2014-09-13,1,0.946857347879,0.512487209465,0.924743681213,0.924743681213,-0.0221136666662,0,0.472375347879,0.472375347879,-0.0401118615856,0
43685,2014-09-14,0,,,,0.923731236935,,,,0.429166261832,,
43686,2014-09-15,1,0.903705509853,0.445048693187,0.89359217652,0.89359217652,-0.0101133333329,0,0.437094693187,0.437094693187,-0.00795400000004,0
43687,2014-09-16,1,0.672354807999,0.203164516555,0.668309474666,0.668309474666,-0.00404533333333,0,0.159034191333,0.159034191333,-0.044130325222,0
43689,2014-09-18,1,1.31280600163,0.86365005163,1.2929756683,1.2929756683,-0.0198303333333,0,0.843956384964,0.843956384964,-0.0196936666667,0
43690,2014-09-19,1,1.12711879045,0.602270510833,1.09494279045,1.09494279045,-0.0321759999998,0,0.564891740455,0.564891740455,-0.0373787703783,0
43691,2014-09-20,0,,,,1.53863335419,,,,1.09155535419,,
43692,2014-09-21,0,,,,1.0076685464,,,,0.609822029733,,
43693,2014-09-22,1,0.744317037847,0.272027857093,0.700556371181,0.700556371181,-0.0437606666661,0,0.238024321181,0.238024321181,-0.0340035359123,0
43695,2014-09-24,1,0.715689584593,0.203370117927,0.715689584593,0.715689584593,0,0,0.203370117927,0.203370117927,0,0
43696,2014-09-25,0,,,,1.4488039213,,,,1.0101590713,,
43697,2014-09-26,0,,,,1.29835710875,,,,0.792583308746,,
43698,2014-09-27,1,1.57414537178,1.19146198845,1.57369937178,1.57369937178,-0.00044599999984,0,1.14604765512,1.14604765512,-0.0454143333334,0
43700,2014-09-29,0,,,,1.33417483464,,,,0.856063201306,,
43701,2014-09-30,0,,,,1.27124758796,,,,0.79737270463,,
43702,2014-10-01,0,,,,0.98780140463,,,,0.52791900463,,
