Group,Variable,Days,Mean,Median,Min,Max
Original 74,Load_kWh,74,5.82560135135,4.31483333333,1.05166666667,14.6905
Original 74,PV_kWh,74,12.0891193694,12.1445833333,3.156,20.0303333333
Original 74,Trip_kWh,74,9.08108108108,8.4,7,12.6
Original 74,Connected_h,74,12.8513513514,13,9,15
Original 74,RawReserve_kWh,74,0.744509009009,0.376416666667,0,2.71216666667
Recovered 16,Load_kWh,16,9.90269791667,9.54458333333,6.89366666667,13.0188333333
Recovered 16,PV_kWh,16,7.69963541667,8.8275,1.96133333333,14.9981666667
Recovered 16,Trip_kWh,16,9.7125,9.8,7,12.6
Recovered 16,Connected_h,16,13.5,14.5,9,15
Recovered 16,RawReserve_kWh,16,3.70883333333,3.71391666667,3.0105,4.61583333333
