TerminalMode,ImportScale,ExportTariff,V2HCost_GBP,V2GCost_GBP,Saving_GBP,SavingLowerBound_GBP,SavingUpperBound_GBP,Valid,CertifiedPositive
none,0.75,0,0.566028534013174,0.566028534013172,1.88737914186277e-15,1.99840144432528e-15,1.77635683940025e-15,1,0
none,0.75,0.01,0.520110200679833,0.520110200679832,9.99200722162641e-16,1.11022302462516e-15,5.55111512312578e-16,1,0
none,0.75,0.02,0.474191867346452,0.320224367346494,0.153967499999958,0.153967499999958,0.153967499999958,1,1
none,0.75,0.015,0.497151034013139,0.428721034013222,0.0684299999999161,0.0684299999999163,0.0684299999999162,1,1
none,0.75,0.0125,0.508630617346509,0.482969367346504,0.0256612500000051,0.025661250000005,0.0256612500000051,1,1
none,0.75,0.01125,0.514370409013141,0.510093534013164,0.00427687499997675,0.00427687499997664,0.00427687499997731,1,1
none,0.75,0.010625,0.517240304846473,0.517240304846431,4.21884749357559e-14,4.21884749357559e-14,4.21884749357559e-14,1,0
none,0.75,0.0109375,0.515805356929808,0.51580535692983,-2.20934381900406e-14,-2.19824158875781e-14,-2.22044604925031e-14,1,0
none,0.75,0.01109375,0.515087882971476,0.513484054846503,0.00160382812497362,0.00160382812497351,0.00160382812497339,1,1
none,0.75,0.011015625,0.51544661995058,0.515179315263163,0.000267304687416647,0.000267304687416647,0.000267304687416758,1,1
none,1,0,0.739127893267558,0.73912789326754,1.82076576038526e-14,1.84297022087776e-14,1.84297022087776e-14,1,0
none,1,0.01,0.693209559934228,0.693274554599908,-6.4994665679885e-05,-6.49946656796629e-05,3.34333338791737e-10,1,0
none,1,0.02,0.64729122660089,0.493323726600926,0.153967499999964,0.153967499999964,0.153967499999964,1,1
none,1,0.015,0.670250393267558,0.601820393267692,0.0684299999998667,0.0684299999998672,0.0684299999998673,1,1
none,1,0.0125,0.681729976600892,0.656068726600929,0.0256612499999632,0.0256612499999633,0.0256612499999633,1,1
none,1,0.01125,0.687469768267561,0.683192893267595,0.0042768749999661,0.00427687499996621,0.00427687499996643,1,1
none,1,0.010625,0.690339664100893,0.690339664100865,2.8199664825479e-14,2.83106871279415e-14,2.83106871279415e-14,1,0
none,1,0.0109375,0.68890471618423,0.688904716184265,-3.48610029732299e-14,-3.48610029732299e-14,-3.49720252756924e-14,1,0
none,1,0.01109375,0.688187242225886,0.686583414100928,0.00160382812495807,0.00160382812495807,0.00160382812495785,1,1
none,1,0.011015625,0.688545979205049,0.688278674517594,0.000267304687455727,0.000267304687455727,0.00026730468745606,1,1
none,1.25,0,0.907545170721541,0.907160233221854,0.0003849374996866,-0.000331377500176866,0.000716314499525028,1,0
none,1.25,0.01,0.86630891918866,0.866308919188822,-1.61870516990348e-13,-1.61759494687885e-13,0.00150379199983197,1,0
none,1.25,0.02,0.820515441919685,0.666423085855502,0.154092356064183,0.153432361064204,0.154461418064301,1,1
none,1.25,0.015,0.843349752522024,0.774919752522023,0.068430000000001,0.0684299999999743,0.0684300000000019,1,1
none,1.25,0.0125,0.854829335855362,0.829168085855355,0.0256612500000074,0.0256612500000071,0.0256612500000073,1,1
none,1.25,0.01125,0.860569127522092,0.856292252522029,0.00427687500006335,0.00427687500006335,0.00427687500006335,1,1
none,1.25,0.010625,0.863439023355486,0.863439023355355,1.31006316905768e-13,1.30673249998381e-13,1.30118138486068e-13,1,0
none,1.25,0.0109375,0.862004075438618,0.862004075438692,-7.43849426498855e-14,-7.43849426498855e-14,-7.48290318597356e-14,1,0
none,1.25,0.01109375,0.861286601480313,0.859682773355483,0.00160382812483073,0.0016038281248304,0.00160382812483195,1,1
none,1.25,0.011015625,0.861645338459531,0.861378033772155,0.000267304687376013,0.000267304687376124,0.000267304687376346,1,1
ge,0.75,0,0.679231452068702,0.679231452068622,7.97140131680862e-14,8.01581023779363e-14,7.94919685631612e-14,1,0
ge,0.75,0.01,0.633337422026257,0.633313118735353,2.43032909031937e-05,-0.000808396909128817,2.43032909033047e-05,1,0
ge,0.75,0.02,0.587419088692917,0.587394785402054,2.43032908625596e-05,-0.000707252509177803,2.43032908624485e-05,1,0
ge,0.75,0.03,0.541476452068682,0.54147645206868,2.22044604925031e-15,2.22044604925031e-15,1.66533453693773e-15,1,0
ge,0.75,0.04,0.489618538692874,0.489791027222938,-0.000172488530063852,-0.000196791830001986,0.00126769496993079,1,0
ge,0.75,0.05,0.432126872026199,0.432102568735266,2.43032909331697e-05,9.09262665160782e-11,0.00133019479094354,1,0
ge,0.75,0.06,0.374635205359519,0.33343304172904,0.0412021636304799,0.0411778603304852,0.0425403325304995,1,1
ge,0.75,0.055,0.403356735401976,0.40335162074149,5.1146604855834e-06,5.11466048491727e-06,5.11466048591647e-06,1,0
ge,0.75,0.0575,0.388983818735306,0.385424954383499,0.0035588643518068,0.00355886435180636,0.00355886435180736,1,1
ge,0.75,0.05625,0.39617027706864,0.39616245407482,7.82299382051654e-06,7.82299382018348e-06,7.82299382051654e-06,1,0
ge,0.75,0.056875,0.392577047901973,0.39256787074149,9.17716048326467e-06,9.17716048326467e-06,9.17716048304262e-06,1,0
ge,0.75,0.0571875,0.390780433318639,0.390770579074823,9.85424381627631e-06,9.85424381633182e-06,9.85424381638733e-06,1,0
ge,0.75,0.05734375,0.389882126026972,0.388615475216729,0.00126665081024346,0.00126665081024324,0.0012666508102433,1,1
ge,0.75,0.057265625,0.390331279672806,0.389800665783945,0.000530613888861109,0.000530613888860831,0.000530613888860998,1,1
ge,1,0,0.890328506230537,0.890328506230443,9.45910016980633e-14,9.49240686054509e-14,9.44799793956008e-14,1,0
ge,1,0.01,0.84441017289723,0.844410172897189,4.01900734914307e-14,3.99680288865056e-14,3.99680288865056e-14,1,0
ge,1,0.02,0.798491839563837,0.798491839563855,-1.75415237890775e-14,-1.75415237890775e-14,-1.7430501486615e-14,1,0
ge,1,0.03,0.752724231915282,0.752573506230573,0.000150725684708419,-3.15193426914107e-10,0.000150725684708641,1,0
ge,1,0.04,0.706655172897441,0.706655172897185,2.55573340268711e-13,2.55351295663786e-13,0.00177524480025715,1,0
ge,1,0.05,0.656707767562766,0.656851384831316,-0.000143617268549834,-0.000208611968532724,0.000528605331423737,1,0
ge,1,0.06,0.599216100896089,0.599228539563731,-1.24386676421118e-05,-7.74333676253347e-05,0.00179375353233657,1,0
ge,1,0.07,0.541724434229415,0.541653731127548,7.07031018667426e-05,5.708501814361e-06,0.000207959501833832,1,0
ge,1,0.08,0.484232767562737,0.373863070222202,0.110369697340535,0.110304702640552,0.113854549640541,1,1
ge,1,0.075,0.512978600896075,0.477918070222113,0.0350605306739628,0.0349955359739799,0.0362297281739828,1,1
ge,1,0.0725,0.527286522897121,0.527275397794236,1.11251028851456e-05,1.11251028853676e-05,1.1125102887366e-05,1,1
ge,1,0.07125,0.534472981230456,0.534464564460914,8.41676954155268e-06,8.41676954088655e-06,8.41676954255188e-06,1,0
ge,1,0.071875,0.530879752063787,0.530869981127578,9.77093620879721e-06,9.77093620802005e-06,9.77093621001845e-06,1,0
ge,1,0.0721875,0.529083137480455,0.529072689460906,1.04480195484147e-05,1.04480195483037e-05,1.04480195487477e-05,1,1
ge,1,0.07203125,0.529981444772119,0.529971335294242,1.01094778766075e-05,1.01094778762745e-05,1.01094778771627e-05,1,1
ge,1,0.071953125,0.530430598417952,0.530420658210913,9.94020703937171e-06,9.94020703914966e-06,9.94020704014886e-06,1,0
ge,1.25,0,1.09638841467197,1.09660833275859,-0.000219918086615589,-0.000581169086574018,0.00036125091342698,1,0
ge,1.25,0.01,1.05550722705939,1.05550722705899,3.97237798210881e-13,-0.00192398099972158,3.97015753605956e-13,1,0
ge,1.25,0.02,1.00991358122574,1.00958889372567,0.000324687500066201,-0.00456323049982865,0.00400300049997537,1,0
ge,1.25,0.03,0.963670560392424,0.963970247892463,-0.000299687500039392,-0.00296310950010925,0.00440225950001771,1,0
ge,1.25,0.04,0.917752227059001,0.917752227059126,-1.25233157177718e-13,-0.0030887240001336,0.00244123899993864,1,0
ge,1.25,0.05,0.871833893725666,0.871833893725661,5.10702591327572e-15,-0.00383883499989246,0.00383883499990179,1,0
ge,1.25,0.06,0.823657664558955,0.823657664558881,7.38298311375729e-14,-0.00284999999989288,0.00285000000004021,1,0
ge,1.25,0.07,0.766324499789815,0.766199643725631,0.00012485606418422,-3.58169049974322e-11,0.00453783106422057,1,0
ge,1.25,0.08,0.708832833123136,0.70875203955896,8.07935641756741e-05,-4.40624357812558e-05,0.00365821376409248,1,0
ge,1.25,0.09,0.651341166456455,0.62507709202811,0.0262640744283454,0.0261392183283444,0.0304448750283544,1,1
ge,1.25,0.085,0.679962143725556,0.679955841513676,6.30221188036018e-06,6.30221188036018e-06,6.30221188269164e-06,1,0
ge,1.25,0.0875,0.665589227058904,0.665577508180415,1.17188784891642e-05,1.17188784893862e-05,1.17188784914957e-05,1,1
ge,1.25,0.08625,0.672775685392233,0.672766674846993,9.01054524038436e-06,9.01054524016232e-06,9.01054524293787e-06,1,0
ge,1.25,0.086875,0.669182456225556,0.669172091513662,1.0364711893418e-05,1.0364711893418e-05,1.03647118968597e-05,1,1
ge,1.25,0.0865625,0.670979070808916,0.670969383180396,9.68762851916161e-06,9.68762851893956e-06,9.68762851938365e-06,1,0
ge,1.25,0.08671875,0.670080763517209,0.670070737346999,1.00261702097315e-05,1.00261702096205e-05,1.00261702125071e-05,1,1
ge,1.25,0.086640625,0.670529917163005,0.670520060263675,9.85689932953004e-06,9.85689932908596e-06,9.85689933319378e-06,1,0
